{"notification":{},"meta":{"code":200,"requestId":"5646f713-73b3-4bdf-a386-c2ec50054c88"},"data":{"id":10004,"price":1995,"discountedPrice":1995,"styleType":"P","productTypeId":303,"articleNumber":"393799-064","visualTag":"","productDisplayName":"Nike Men As 7 Sw Temp Grey Shorts","variantName":"AS 7 SW TEMP","myntraRating":1,"catalogAddDate":1461658417,"brandName":"Nike","ageGroup":"Adults-Men","gender":"Men","baseColour":"Grey","colour1":"Blue","colour2":"NA","fashionType":"Fashion","season":"Fall","year":"2011","usage":"Sports","vat":5.5,"displayCategories":"Sports Wear","weight":"0","navigationId":0,"landingPageUrl":"Shorts/Nike/Nike-Men-As-7-Sw-Temp-Grey-Shorts/10004/buy","articleAttributes":{"Pattern":"Solid","Body or Garment Size":"To-Fit Denotes Body Measurements in"},"crossLinks":[{"key":"More Shorts by Nike","value":"shorts?f=brand:Nike::gender:men"},{"key":"More Grey Shorts","value":"shorts?f=colour:Grey::gender:men"},{"key":"More Shorts","value":"shorts?f=gender:men"}],"brandUserProfile":{"uidx":"6d415071.a389.472b.b5b6.c93d864afbeacs6IMuPv9K","bio":"Nike, creating experiences for today’s athlete","name":"NIKE","image":"http://assets.myntassets.com/v1/assets/banners/2015/6/26/1435317851398-23197-3chxv6.jpg","publicProfileId":"nikeindia","tagsMap":"{\"roles\":[],\"labels\":[],\"myntraVerified\":true,\"invited\":true,\"brandUrl\":\"/nike\"}"},"codEnabled":true,"colours":{"colors":{"22589":{"dre_landing_page_url":"Shorts/Nike/Nike-Men-Solid-Navy-Blue-Shorts/22589/buy","styleid":22589,"global_attr_colour1":"NA","global_attr_base_colour":"Navy Blue","search_image":"http://assets.myntassets.com/v1/images/style/properties/4add74c89dc5be6a721629c0c19bb8dd_images.jpg"},"28503":{"dre_landing_page_url":"Shorts/Nike/Nike-Men-Tempo-2-in-1-Grey-Shorts/28503/buy","styleid":28503,"global_attr_colour1":"NA","global_attr_base_colour":"Grey","search_image":"http://assets.myntassets.com/v1/images/style/properties/a8a133fcfcc061f38526dfd3045c96b8_images.jpg"}}},"styleImages":{"default":{"imageURL":"http://assets.myntassets.com/v1/images/style/properties/9556d66f526ab7923d599fdddee1e4b9_images.jpg","resolutions":{"1080X1440Xmini":"http://assets.myntassets.com/h_1440,q_95,w_1080/v1/images/style/properties/9556d66f526ab7923d599fdddee1e4b9_images_mini.jpg","48X64":"http://assets.myntassets.com/h_64,q_95,w_48/v1/images/style/properties/9556d66f526ab7923d599fdddee1e4b9_images.jpg","1080X1440":"http://assets.myntassets.com/h_1440,q_95,w_1080/v1/images/style/properties/9556d66f526ab7923d599fdddee1e4b9_images.jpg","150X200":"http://assets.myntassets.com/h_200,q_95,w_150/v1/images/style/properties/9556d66f526ab7923d599fdddee1e4b9_images.jpg","360X480":"http://assets.myntassets.com/h_480,q_95,w_360/v1/images/style/properties/9556d66f526ab7923d599fdddee1e4b9_images.jpg","180X240":"http://assets.myntassets.com/h_240,q_95,w_180/v1/images/style/properties/9556d66f526ab7923d599fdddee1e4b9_images.jpg","360X480Xmini":"http://assets.myntassets.com/h_480,q_95,w_360/v1/images/style/properties/9556d66f526ab7923d599fdddee1e4b9_images_mini.jpg","180X240Xmini":"http://assets.myntassets.com/h_240,q_95,w_180/v1/images/style/properties/9556d66f526ab7923d599fdddee1e4b9_images_mini.jpg","150X200Xmini":"http://assets.myntassets.com/h_200,q_95,w_150/v1/images/style/properties/9556d66f526ab7923d599fdddee1e4b9_images_mini.jpg","48X64Xmini":"http://assets.myntassets.com/h_64,q_95,w_48/v1/images/style/properties/9556d66f526ab7923d599fdddee1e4b9_images_mini.jpg","125X161":"http://assets.myntassets.com/h_161,q_95,w_125/v1/images/style/properties/9556d66f526ab7923d599fdddee1e4b9_images.jpg","125X161Xmini":"http://assets.myntassets.com/h_161,q_95,w_125/v1/images/style/properties/9556d66f526ab7923d599fdddee1e4b9_images_mini.jpg"},"imageType":"default"},"size_representation":"http://assets.myntassets.com/assets/images/sizechart/2016/12/12/11481538623678-Shorts_Adults-Men.png","search":{"imageURL":"http://assets.myntassets.com/v1/images/style/properties/9556d66f526ab7923d599fdddee1e4b9_images.jpg","resolutions":{"1080X1440Xmini":"http://assets.myntassets.com/h_1440,q_95,w_1080/v1/images/style/properties/9556d66f526ab7923d599fdddee1e4b9_images_mini.jpg","48X64":"http://assets.myntassets.com/h_64,q_95,w_48/v1/images/style/properties/9556d66f526ab7923d599fdddee1e4b9_images.jpg","1080X1440":"http://assets.myntassets.com/h_1440,q_95,w_1080/v1/images/style/properties/9556d66f526ab7923d599fdddee1e4b9_images.jpg","150X200":"http://assets.myntassets.com/h_200,q_95,w_150/v1/images/style/properties/9556d66f526ab7923d599fdddee1e4b9_images.jpg","360X480":"http://assets.myntassets.com/h_480,q_95,w_360/v1/images/style/properties/9556d66f526ab7923d599fdddee1e4b9_images.jpg","180X240":"http://assets.myntassets.com/h_240,q_95,w_180/v1/images/style/properties/9556d66f526ab7923d599fdddee1e4b9_images.jpg","360X480Xmini":"http://assets.myntassets.com/h_480,q_95,w_360/v1/images/style/properties/9556d66f526ab7923d599fdddee1e4b9_images_mini.jpg","180X240Xmini":"http://assets.myntassets.com/h_240,q_95,w_180/v1/images/style/properties/9556d66f526ab7923d599fdddee1e4b9_images_mini.jpg","150X200Xmini":"http://assets.myntassets.com/h_200,q_95,w_150/v1/images/style/properties/9556d66f526ab7923d599fdddee1e4b9_images_mini.jpg","48X64Xmini":"http://assets.myntassets.com/h_64,q_95,w_48/v1/images/style/properties/9556d66f526ab7923d599fdddee1e4b9_images_mini.jpg","125X161":"http://assets.myntassets.com/h_161,q_95,w_125/v1/images/style/properties/9556d66f526ab7923d599fdddee1e4b9_images.jpg","125X161Xmini":"http://assets.myntassets.com/h_161,q_95,w_125/v1/images/style/properties/9556d66f526ab7923d599fdddee1e4b9_images_mini.jpg"},"imageType":"search"},"back":{"imageURL":"http://assets.myntassets.com/v1/images/style/properties/81c8f2d2e90ab5753e4163012e8a50f4_images.jpg","resolutions":{"1080X1440Xmini":"http://assets.myntassets.com/h_1440,q_95,w_1080/v1/images/style/properties/81c8f2d2e90ab5753e4163012e8a50f4_images_mini.jpg","48X64":"http://assets.myntassets.com/h_64,q_95,w_48/v1/images/style/properties/81c8f2d2e90ab5753e4163012e8a50f4_images.jpg","1080X1440":"http://assets.myntassets.com/h_1440,q_95,w_1080/v1/images/style/properties/81c8f2d2e90ab5753e4163012e8a50f4_images.jpg","150X200":"http://assets.myntassets.com/h_200,q_95,w_150/v1/images/style/properties/81c8f2d2e90ab5753e4163012e8a50f4_images.jpg","360X480":"http://assets.myntassets.com/h_480,q_95,w_360/v1/images/style/properties/81c8f2d2e90ab5753e4163012e8a50f4_images.jpg","180X240":"http://assets.myntassets.com/h_240,q_95,w_180/v1/images/style/properties/81c8f2d2e90ab5753e4163012e8a50f4_images.jpg","360X480Xmini":"http://assets.myntassets.com/h_480,q_95,w_360/v1/images/style/properties/81c8f2d2e90ab5753e4163012e8a50f4_images_mini.jpg","180X240Xmini":"http://assets.myntassets.com/h_240,q_95,w_180/v1/images/style/properties/81c8f2d2e90ab5753e4163012e8a50f4_images_mini.jpg","150X200Xmini":"http://assets.myntassets.com/h_200,q_95,w_150/v1/images/style/properties/81c8f2d2e90ab5753e4163012e8a50f4_images_mini.jpg","48X64Xmini":"http://assets.myntassets.com/h_64,q_95,w_48/v1/images/style/properties/81c8f2d2e90ab5753e4163012e8a50f4_images_mini.jpg","125X161":"http://assets.myntassets.com/h_161,q_95,w_125/v1/images/style/properties/81c8f2d2e90ab5753e4163012e8a50f4_images.jpg","125X161Xmini":"http://assets.myntassets.com/h_161,q_95,w_125/v1/images/style/properties/81c8f2d2e90ab5753e4163012e8a50f4_images_mini.jpg"},"imageType":"back"},"front":{"imageURL":"http://assets.myntassets.com/v1/images/style/properties/953ca095bdc9382a3d85eab7fd4a4570_images.jpg","resolutions":{"1080X1440Xmini":"http://assets.myntassets.com/h_1440,q_95,w_1080/v1/images/style/properties/953ca095bdc9382a3d85eab7fd4a4570_images_mini.jpg","48X64":"http://assets.myntassets.com/h_64,q_95,w_48/v1/images/style/properties/953ca095bdc9382a3d85eab7fd4a4570_images.jpg","1080X1440":"http://assets.myntassets.com/h_1440,q_95,w_1080/v1/images/style/properties/953ca095bdc9382a3d85eab7fd4a4570_images.jpg","150X200":"http://assets.myntassets.com/h_200,q_95,w_150/v1/images/style/properties/953ca095bdc9382a3d85eab7fd4a4570_images.jpg","360X480":"http://assets.myntassets.com/h_480,q_95,w_360/v1/images/style/properties/953ca095bdc9382a3d85eab7fd4a4570_images.jpg","180X240":"http://assets.myntassets.com/h_240,q_95,w_180/v1/images/style/properties/953ca095bdc9382a3d85eab7fd4a4570_images.jpg","360X480Xmini":"http://assets.myntassets.com/h_480,q_95,w_360/v1/images/style/properties/953ca095bdc9382a3d85eab7fd4a4570_images_mini.jpg","180X240Xmini":"http://assets.myntassets.com/h_240,q_95,w_180/v1/images/style/properties/953ca095bdc9382a3d85eab7fd4a4570_images_mini.jpg","150X200Xmini":"http://assets.myntassets.com/h_200,q_95,w_150/v1/images/style/properties/953ca095bdc9382a3d85eab7fd4a4570_images_mini.jpg","48X64Xmini":"http://assets.myntassets.com/h_64,q_95,w_48/v1/images/style/properties/953ca095bdc9382a3d85eab7fd4a4570_images_mini.jpg","125X161":"http://assets.myntassets.com/h_161,q_95,w_125/v1/images/style/properties/953ca095bdc9382a3d85eab7fd4a4570_images.jpg","125X161Xmini":"http://assets.myntassets.com/h_161,q_95,w_125/v1/images/style/properties/953ca095bdc9382a3d85eab7fd4a4570_images_mini.jpg"},"imageType":"front"},"right":{"imageURL":"http://assets.myntassets.com/v1/images/style/properties/599217a553d8a289caa3e112c9de467b_images.jpg","resolutions":{"1080X1440Xmini":"http://assets.myntassets.com/h_1440,q_95,w_1080/v1/images/style/properties/599217a553d8a289caa3e112c9de467b_images_mini.jpg","48X64":"http://assets.myntassets.com/h_64,q_95,w_48/v1/images/style/properties/599217a553d8a289caa3e112c9de467b_images.jpg","1080X1440":"http://assets.myntassets.com/h_1440,q_95,w_1080/v1/images/style/properties/599217a553d8a289caa3e112c9de467b_images.jpg","150X200":"http://assets.myntassets.com/h_200,q_95,w_150/v1/images/style/properties/599217a553d8a289caa3e112c9de467b_images.jpg","360X480":"http://assets.myntassets.com/h_480,q_95,w_360/v1/images/style/properties/599217a553d8a289caa3e112c9de467b_images.jpg","180X240":"http://assets.myntassets.com/h_240,q_95,w_180/v1/images/style/properties/599217a553d8a289caa3e112c9de467b_images.jpg","360X480Xmini":"http://assets.myntassets.com/h_480,q_95,w_360/v1/images/style/properties/599217a553d8a289caa3e112c9de467b_images_mini.jpg","180X240Xmini":"http://assets.myntassets.com/h_240,q_95,w_180/v1/images/style/properties/599217a553d8a289caa3e112c9de467b_images_mini.jpg","150X200Xmini":"http://assets.myntassets.com/h_200,q_95,w_150/v1/images/style/properties/599217a553d8a289caa3e112c9de467b_images_mini.jpg","48X64Xmini":"http://assets.myntassets.com/h_64,q_95,w_48/v1/images/style/properties/599217a553d8a289caa3e112c9de467b_images_mini.jpg","125X161":"http://assets.myntassets.com/h_161,q_95,w_125/v1/images/style/properties/599217a553d8a289caa3e112c9de467b_images.jpg","125X161Xmini":"http://assets.myntassets.com/h_161,q_95,w_125/v1/images/style/properties/599217a553d8a289caa3e112c9de467b_images_mini.jpg"},"imageType":"right"},"top":{"imageURL":"http://assets.myntassets.com/v1/images/style/properties/83fdc840d228a2c053aa38c991e79773_images.jpg","resolutions":{"1080X1440Xmini":"http://assets.myntassets.com/h_1440,q_95,w_1080/v1/images/style/properties/83fdc840d228a2c053aa38c991e79773_images_mini.jpg","48X64":"http://assets.myntassets.com/h_64,q_95,w_48/v1/images/style/properties/83fdc840d228a2c053aa38c991e79773_images.jpg","1080X1440":"http://assets.myntassets.com/h_1440,q_95,w_1080/v1/images/style/properties/83fdc840d228a2c053aa38c991e79773_images.jpg","150X200":"http://assets.myntassets.com/h_200,q_95,w_150/v1/images/style/properties/83fdc840d228a2c053aa38c991e79773_images.jpg","360X480":"http://assets.myntassets.com/h_480,q_95,w_360/v1/images/style/properties/83fdc840d228a2c053aa38c991e79773_images.jpg","180X240":"http://assets.myntassets.com/h_240,q_95,w_180/v1/images/style/properties/83fdc840d228a2c053aa38c991e79773_images.jpg","360X480Xmini":"http://assets.myntassets.com/h_480,q_95,w_360/v1/images/style/properties/83fdc840d228a2c053aa38c991e79773_images_mini.jpg","180X240Xmini":"http://assets.myntassets.com/h_240,q_95,w_180/v1/images/style/properties/83fdc840d228a2c053aa38c991e79773_images_mini.jpg","150X200Xmini":"http://assets.myntassets.com/h_200,q_95,w_150/v1/images/style/properties/83fdc840d228a2c053aa38c991e79773_images_mini.jpg","48X64Xmini":"http://assets.myntassets.com/h_64,q_95,w_48/v1/images/style/properties/83fdc840d228a2c053aa38c991e79773_images_mini.jpg","125X161":"http://assets.myntassets.com/h_161,q_95,w_125/v1/images/style/properties/83fdc840d228a2c053aa38c991e79773_images.jpg","125X161Xmini":"http://assets.myntassets.com/h_161,q_95,w_125/v1/images/style/properties/83fdc840d228a2c053aa38c991e79773_images_mini.jpg"},"imageType":"top"}},"lookGoodAlbum":{},"style360Images":{},"masterCategory":{"id":9,"typeName":"Apparel","active":true,"socialSharingEnabled":true,"isReturnable":true,"isExchangeable":true,"pickupEnabled":true,"isTryAndBuyEnabled":true},"subCategory":{"id":29,"typeName":"Bottomwear","active":true,"socialSharingEnabled":true,"isReturnable":true,"isExchangeable":true,"pickupEnabled":true,"isTryAndBuyEnabled":true},"articleType":{"id":72,"typeName":"Shorts","active":true,"socialSharingEnabled":true,"isReturnable":true,"isExchangeable":true,"pickupEnabled":true,"isTryAndBuyEnabled":true,"isMyntsEnabled":true,"serviceabilityDisclaimer":{"title":"","desc":""}},"isEMIEnabled":false,"otherFlags":[{"dataType":"BOOLEAN","name":"isFragile","value":"false"},{"dataType":"BOOLEAN","name":"isTryAndBuyEnabled","value":"true"},{"dataType":"BOOLEAN","name":"isHazmat","value":"false"},{"dataType":"BOOLEAN","name":"isJewellery","value":"false"},{"dataType":"BOOLEAN","name":"isReturnable","value":"true"},{"dataType":"BOOLEAN","name":"isExchangeable","value":"true"},{"dataType":"BOOLEAN","name":"active","value":"true"},{"dataType":"BOOLEAN","name":"socialSharingEnabled","value":"true"},{"dataType":"BOOLEAN","name":"pickupEnabled","value":"true"},{"dataType":"BOOLEAN","name":"isLarge","value":"false"},{"dataType":"BOOLEAN","name":"codEnabled","value":"true"}],"articleDisplayAttr":{"id":72,"core":{"order":"0","display":"2","pdtDetail":"1","pdtDeliveryOptions":"2","pdtSimilar":"2","pdtLike":"2"},"social":{"order":"1","display":"2","userLikes":"1","styleNotes":"2","crossSell":"1"},"explore":{"display":"2","crosslink":"1","similar":"1","order":"2"}},"productDescriptors":{"description":{"descriptorType":"description","value":"<p><span style=\"font-weight: bold;\">Composition</span><br />Grey&nbsp;<a href='/men-shorts?src=desc' class='seolink'>shorts</a> made of 86% polyester and 14% spandex, has an elastic waist with interior drawcord and a mesh side panel<br /> <br /> <span style=\"font-style: normal; font-weight: bold;\">Fitting<br /> </span><span style=\"font-style: normal; font-weight: normal;\">Comfort<br /> <br /><strong> Wash care</strong><br /> Machine wash cold at 30 degrees with like colours<br /> Do not bleach<br /> Tumble dry low<br /> Remove immediately/do not allow to lay on itself when wet<br /> Cool iron, but do not iron on design<br /> Do not dry clean<br /> <br /> Scorers and defenders alike require maximum range of motion to lead their teams to victory, and they'll get plenty of it in these nike shorts. With sweat-wicking fabric and strategic ventilation, these shorts keep them focused on the big win.</span></p>"}},"styleOptions":[{"id":39014,"name":"Size","value":"S","unifiedSize":"30","unifiedSizeValue":"30","unifiedSizeScale":"","allSize":"30,S","skuId":47317,"skuAvailabilityDetailMap":{},"warehouseIdToItemCountMap":{},"inventoryCount":0,"available":false,"active":true},{"id":39015,"name":"Size","value":"M","unifiedSize":"32","unifiedSizeValue":"32","unifiedSizeScale":"","allSize":"32,M","skuId":47318,"skuAvailabilityDetailMap":{},"warehouseIdToItemCountMap":{},"inventoryCount":0,"available":false,"active":true},{"id":39016,"name":"Size","value":"L","unifiedSize":"34","unifiedSizeValue":"34","unifiedSizeScale":"","allSize":"34,L","skuId":47319,"skuAvailabilityDetailMap":{},"warehouseIdToItemCountMap":{},"inventoryCount":0,"available":false,"active":true},{"id":39017,"name":"Size","value":"XL","unifiedSize":"36","unifiedSizeValue":"36","unifiedSizeScale":"","allSize":"36,XL","skuId":47320,"skuAvailabilityDetailMap":{},"warehouseIdToItemCountMap":{},"inventoryCount":0,"available":false,"active":true}]}}