{"notification":{},"meta":{"code":200,"requestId":"c6f90c0e-0da9-4da8-8403-0cda441747e4"},"data":{"id":10007,"price":1095,"discountedPrice":1095,"styleType":"P","productTypeId":2,"articleNumber":"424522-100","visualTag":"","productDisplayName":"Nike Women As Trophy Swo White T-Shirts","variantName":"AS TROPHY SWO","myntraRating":1,"catalogAddDate":1461658417,"brandName":"Nike","ageGroup":"Adults-Women","gender":"Women","baseColour":"White","colour1":"Blue","colour2":"NA","fashionType":"Fashion","season":"Fall","year":"2011","usage":"Sports","vat":5.5,"displayCategories":"Tshirts,Sports Wear","weight":"0","navigationId":0,"landingPageUrl":"Tshirts/Nike/Nike-Women-As-Trophy-Swo-White-T-Shirts/10007/buy","articleAttributes":{"Fit":"Regular Fit","Pattern":"Printed","Body or Garment Size":"Garment Measurements in","Sleeve Length":"Short Sleeves","Neck":"Round Neck","Fabric":"Synthetic"},"crossLinks":[{"key":"More Tshirts by Nike","value":"tshirts?f=brand:Nike::gender:women"},{"key":"More White Tshirts","value":"tshirts?f=colour:White::gender:women"},{"key":"More Tshirts","value":"tshirts?f=gender:women"}],"brandUserProfile":{"uidx":"6d415071.a389.472b.b5b6.c93d864afbeacs6IMuPv9K","bio":"Nike, creating experiences for today’s athlete","name":"NIKE","image":"http://assets.myntassets.com/v1/assets/banners/2015/6/26/1435317851398-23197-3chxv6.jpg","publicProfileId":"nikeindia","tagsMap":"{\"roles\":[],\"labels\":[],\"myntraVerified\":true,\"invited\":true,\"brandUrl\":\"/nike\"}"},"codEnabled":true,"styleImages":{"default":{"imageURL":"http://assets.myntassets.com/v1/images/style/properties/54315bd731592e29d830218599d0a974_images.jpg","resolutions":{"1080X1440Xmini":"http://assets.myntassets.com/h_1440,q_95,w_1080/v1/images/style/properties/54315bd731592e29d830218599d0a974_images_mini.jpg","48X64":"http://assets.myntassets.com/h_64,q_95,w_48/v1/images/style/properties/54315bd731592e29d830218599d0a974_images.jpg","1080X1440":"http://assets.myntassets.com/h_1440,q_95,w_1080/v1/images/style/properties/54315bd731592e29d830218599d0a974_images.jpg","150X200":"http://assets.myntassets.com/h_200,q_95,w_150/v1/images/style/properties/54315bd731592e29d830218599d0a974_images.jpg","360X480":"http://assets.myntassets.com/h_480,q_95,w_360/v1/images/style/properties/54315bd731592e29d830218599d0a974_images.jpg","180X240":"http://assets.myntassets.com/h_240,q_95,w_180/v1/images/style/properties/54315bd731592e29d830218599d0a974_images.jpg","360X480Xmini":"http://assets.myntassets.com/h_480,q_95,w_360/v1/images/style/properties/54315bd731592e29d830218599d0a974_images_mini.jpg","180X240Xmini":"http://assets.myntassets.com/h_240,q_95,w_180/v1/images/style/properties/54315bd731592e29d830218599d0a974_images_mini.jpg","150X200Xmini":"http://assets.myntassets.com/h_200,q_95,w_150/v1/images/style/properties/54315bd731592e29d830218599d0a974_images_mini.jpg","48X64Xmini":"http://assets.myntassets.com/h_64,q_95,w_48/v1/images/style/properties/54315bd731592e29d830218599d0a974_images_mini.jpg","125X161":"http://assets.myntassets.com/h_161,q_95,w_125/v1/images/style/properties/54315bd731592e29d830218599d0a974_images.jpg","125X161Xmini":"http://assets.myntassets.com/h_161,q_95,w_125/v1/images/style/properties/54315bd731592e29d830218599d0a974_images_mini.jpg"},"imageType":"default"},"size_representation":"http://assets.myntassets.com/assets/images/sizechart/2016/12/14/11481690832632-Tshirts_-Women.png","search":{"imageURL":"http://assets.myntassets.com/v1/images/style/properties/54315bd731592e29d830218599d0a974_images.jpg","resolutions":{"1080X1440Xmini":"http://assets.myntassets.com/h_1440,q_95,w_1080/v1/images/style/properties/54315bd731592e29d830218599d0a974_images_mini.jpg","48X64":"http://assets.myntassets.com/h_64,q_95,w_48/v1/images/style/properties/54315bd731592e29d830218599d0a974_images.jpg","1080X1440":"http://assets.myntassets.com/h_1440,q_95,w_1080/v1/images/style/properties/54315bd731592e29d830218599d0a974_images.jpg","150X200":"http://assets.myntassets.com/h_200,q_95,w_150/v1/images/style/properties/54315bd731592e29d830218599d0a974_images.jpg","360X480":"http://assets.myntassets.com/h_480,q_95,w_360/v1/images/style/properties/54315bd731592e29d830218599d0a974_images.jpg","180X240":"http://assets.myntassets.com/h_240,q_95,w_180/v1/images/style/properties/54315bd731592e29d830218599d0a974_images.jpg","360X480Xmini":"http://assets.myntassets.com/h_480,q_95,w_360/v1/images/style/properties/54315bd731592e29d830218599d0a974_images_mini.jpg","180X240Xmini":"http://assets.myntassets.com/h_240,q_95,w_180/v1/images/style/properties/54315bd731592e29d830218599d0a974_images_mini.jpg","150X200Xmini":"http://assets.myntassets.com/h_200,q_95,w_150/v1/images/style/properties/54315bd731592e29d830218599d0a974_images_mini.jpg","48X64Xmini":"http://assets.myntassets.com/h_64,q_95,w_48/v1/images/style/properties/54315bd731592e29d830218599d0a974_images_mini.jpg","125X161":"http://assets.myntassets.com/h_161,q_95,w_125/v1/images/style/properties/54315bd731592e29d830218599d0a974_images.jpg","125X161Xmini":"http://assets.myntassets.com/h_161,q_95,w_125/v1/images/style/properties/54315bd731592e29d830218599d0a974_images_mini.jpg"},"imageType":"search"},"back":{"imageURL":"http://assets.myntassets.com/v1/images/style/properties/4b3c6ce1a91fde9e7ac4a3ce57bd45e2_images.jpg","resolutions":{"1080X1440Xmini":"http://assets.myntassets.com/h_1440,q_95,w_1080/v1/images/style/properties/4b3c6ce1a91fde9e7ac4a3ce57bd45e2_images_mini.jpg","48X64":"http://assets.myntassets.com/h_64,q_95,w_48/v1/images/style/properties/4b3c6ce1a91fde9e7ac4a3ce57bd45e2_images.jpg","1080X1440":"http://assets.myntassets.com/h_1440,q_95,w_1080/v1/images/style/properties/4b3c6ce1a91fde9e7ac4a3ce57bd45e2_images.jpg","150X200":"http://assets.myntassets.com/h_200,q_95,w_150/v1/images/style/properties/4b3c6ce1a91fde9e7ac4a3ce57bd45e2_images.jpg","360X480":"http://assets.myntassets.com/h_480,q_95,w_360/v1/images/style/properties/4b3c6ce1a91fde9e7ac4a3ce57bd45e2_images.jpg","180X240":"http://assets.myntassets.com/h_240,q_95,w_180/v1/images/style/properties/4b3c6ce1a91fde9e7ac4a3ce57bd45e2_images.jpg","360X480Xmini":"http://assets.myntassets.com/h_480,q_95,w_360/v1/images/style/properties/4b3c6ce1a91fde9e7ac4a3ce57bd45e2_images_mini.jpg","180X240Xmini":"http://assets.myntassets.com/h_240,q_95,w_180/v1/images/style/properties/4b3c6ce1a91fde9e7ac4a3ce57bd45e2_images_mini.jpg","150X200Xmini":"http://assets.myntassets.com/h_200,q_95,w_150/v1/images/style/properties/4b3c6ce1a91fde9e7ac4a3ce57bd45e2_images_mini.jpg","48X64Xmini":"http://assets.myntassets.com/h_64,q_95,w_48/v1/images/style/properties/4b3c6ce1a91fde9e7ac4a3ce57bd45e2_images_mini.jpg","125X161":"http://assets.myntassets.com/h_161,q_95,w_125/v1/images/style/properties/4b3c6ce1a91fde9e7ac4a3ce57bd45e2_images.jpg","125X161Xmini":"http://assets.myntassets.com/h_161,q_95,w_125/v1/images/style/properties/4b3c6ce1a91fde9e7ac4a3ce57bd45e2_images_mini.jpg"},"imageType":"back"},"front":{"imageURL":"http://assets.myntassets.com/v1/images/style/properties/223426149d2aa106fa426657b9655811_images.jpg","resolutions":{"1080X1440Xmini":"http://assets.myntassets.com/h_1440,q_95,w_1080/v1/images/style/properties/223426149d2aa106fa426657b9655811_images_mini.jpg","48X64":"http://assets.myntassets.com/h_64,q_95,w_48/v1/images/style/properties/223426149d2aa106fa426657b9655811_images.jpg","1080X1440":"http://assets.myntassets.com/h_1440,q_95,w_1080/v1/images/style/properties/223426149d2aa106fa426657b9655811_images.jpg","150X200":"http://assets.myntassets.com/h_200,q_95,w_150/v1/images/style/properties/223426149d2aa106fa426657b9655811_images.jpg","360X480":"http://assets.myntassets.com/h_480,q_95,w_360/v1/images/style/properties/223426149d2aa106fa426657b9655811_images.jpg","180X240":"http://assets.myntassets.com/h_240,q_95,w_180/v1/images/style/properties/223426149d2aa106fa426657b9655811_images.jpg","360X480Xmini":"http://assets.myntassets.com/h_480,q_95,w_360/v1/images/style/properties/223426149d2aa106fa426657b9655811_images_mini.jpg","180X240Xmini":"http://assets.myntassets.com/h_240,q_95,w_180/v1/images/style/properties/223426149d2aa106fa426657b9655811_images_mini.jpg","150X200Xmini":"http://assets.myntassets.com/h_200,q_95,w_150/v1/images/style/properties/223426149d2aa106fa426657b9655811_images_mini.jpg","48X64Xmini":"http://assets.myntassets.com/h_64,q_95,w_48/v1/images/style/properties/223426149d2aa106fa426657b9655811_images_mini.jpg","125X161":"http://assets.myntassets.com/h_161,q_95,w_125/v1/images/style/properties/223426149d2aa106fa426657b9655811_images.jpg","125X161Xmini":"http://assets.myntassets.com/h_161,q_95,w_125/v1/images/style/properties/223426149d2aa106fa426657b9655811_images_mini.jpg"},"imageType":"front"},"right":{"imageURL":"http://assets.myntassets.com/v1/images/style/properties/29da6781ddca02fc6c5e181fc9d7fb65_images.jpg","resolutions":{"1080X1440Xmini":"http://assets.myntassets.com/h_1440,q_95,w_1080/v1/images/style/properties/29da6781ddca02fc6c5e181fc9d7fb65_images_mini.jpg","48X64":"http://assets.myntassets.com/h_64,q_95,w_48/v1/images/style/properties/29da6781ddca02fc6c5e181fc9d7fb65_images.jpg","1080X1440":"http://assets.myntassets.com/h_1440,q_95,w_1080/v1/images/style/properties/29da6781ddca02fc6c5e181fc9d7fb65_images.jpg","150X200":"http://assets.myntassets.com/h_200,q_95,w_150/v1/images/style/properties/29da6781ddca02fc6c5e181fc9d7fb65_images.jpg","360X480":"http://assets.myntassets.com/h_480,q_95,w_360/v1/images/style/properties/29da6781ddca02fc6c5e181fc9d7fb65_images.jpg","180X240":"http://assets.myntassets.com/h_240,q_95,w_180/v1/images/style/properties/29da6781ddca02fc6c5e181fc9d7fb65_images.jpg","360X480Xmini":"http://assets.myntassets.com/h_480,q_95,w_360/v1/images/style/properties/29da6781ddca02fc6c5e181fc9d7fb65_images_mini.jpg","180X240Xmini":"http://assets.myntassets.com/h_240,q_95,w_180/v1/images/style/properties/29da6781ddca02fc6c5e181fc9d7fb65_images_mini.jpg","150X200Xmini":"http://assets.myntassets.com/h_200,q_95,w_150/v1/images/style/properties/29da6781ddca02fc6c5e181fc9d7fb65_images_mini.jpg","48X64Xmini":"http://assets.myntassets.com/h_64,q_95,w_48/v1/images/style/properties/29da6781ddca02fc6c5e181fc9d7fb65_images_mini.jpg","125X161":"http://assets.myntassets.com/h_161,q_95,w_125/v1/images/style/properties/29da6781ddca02fc6c5e181fc9d7fb65_images.jpg","125X161Xmini":"http://assets.myntassets.com/h_161,q_95,w_125/v1/images/style/properties/29da6781ddca02fc6c5e181fc9d7fb65_images_mini.jpg"},"imageType":"right"}},"lookGoodAlbum":{},"style360Images":{},"masterCategory":{"id":9,"typeName":"Apparel","active":true,"socialSharingEnabled":true,"isReturnable":true,"isExchangeable":true,"pickupEnabled":true,"isTryAndBuyEnabled":true},"subCategory":{"id":31,"typeName":"Topwear","active":true,"socialSharingEnabled":true,"isReturnable":true,"isExchangeable":true,"pickupEnabled":true,"isTryAndBuyEnabled":true},"articleType":{"id":90,"typeName":"Tshirts","active":true,"socialSharingEnabled":true,"isReturnable":true,"isExchangeable":true,"pickupEnabled":true,"isTryAndBuyEnabled":true,"isMyntsEnabled":true,"serviceabilityDisclaimer":{"title":"","desc":""}},"isEMIEnabled":true,"otherFlags":[{"dataType":"BOOLEAN","name":"isFragile","value":"false"},{"dataType":"BOOLEAN","name":"isTryAndBuyEnabled","value":"true"},{"dataType":"BOOLEAN","name":"isHazmat","value":"false"},{"dataType":"BOOLEAN","name":"isJewellery","value":"false"},{"dataType":"BOOLEAN","name":"isReturnable","value":"true"},{"dataType":"BOOLEAN","name":"isExchangeable","value":"true"},{"dataType":"BOOLEAN","name":"active","value":"true"},{"dataType":"BOOLEAN","name":"socialSharingEnabled","value":"true"},{"dataType":"BOOLEAN","name":"pickupEnabled","value":"true"},{"dataType":"BOOLEAN","name":"isLarge","value":"false"},{"dataType":"BOOLEAN","name":"codEnabled","value":"true"}],"articleDisplayAttr":{"id":90,"core":{"order":"0","display":"2","pdtDetail":"1","pdtDeliveryOptions":"2","pdtSimilar":"2","pdtLike":"2"},"social":{"order":"1","display":"2","userLikes":"1","styleNotes":"2","crossSell":"1"},"explore":{"display":"2","crosslink":"1","similar":"1","order":"2"}},"productDescriptors":{"description":{"descriptorType":"description","value":"<p><strong>Composition</strong><br /> White round neck t-shirt with short sleeves, made of  100% cotton, has fabric tape detailing on the inseam of the neckline, graphic print on the front and nike swoosh printed near the hem<br /> <span style=\"font-style: normal; font-weight: normal;\"><br /> </span><span style=\"font-style: normal; font-weight: bold;\">Fitting<br /> </span><span style=\"font-style: normal; font-weight: normal;\">Regular<br /> <br /><strong> Wash care</strong><br /> Machine wash in cold water at 30 degrees with like colours<br /> Do not use bleach or softeners<br /> Remove immediately<br /> Do not allow to lay on itself when wet<br /> Tumble dry low<br /> Cool iron<br /> Do not iron directly on print/trims/ logo<br /> Do not dry clean<br /> <br /> You know how they say, &ldquo;when in doubt, wear white&rdquo;.... This white t-shirt from nike takes this saying and makes it better by adding funky graphic print on the front! The multi coloured print is eye-catching and funky, which will make you stand out in a sea of people! Plus, the cotton fabric will keep you comfortable all day long. Team it with jeans or <a href='/men-shorts?src=desc' class='seolink'>shorts</a> and casual shoes to look fab.</span></p>"}},"styleOptions":[{"id":39027,"name":"Size","value":"S","unifiedSize":"S","unifiedSizeValue":"S","unifiedSizeScale":"","allSize":"S","skuId":47409,"skuAvailabilityDetailMap":{},"warehouseIdToItemCountMap":{},"inventoryCount":0,"available":false,"active":true},{"id":39028,"name":"Size","value":"M","unifiedSize":"M","unifiedSizeValue":"M","unifiedSizeScale":"","allSize":"M","skuId":47410,"skuAvailabilityDetailMap":{},"warehouseIdToItemCountMap":{},"inventoryCount":0,"available":false,"active":true},{"id":39029,"name":"Size","value":"L","unifiedSize":"L","unifiedSizeValue":"L","unifiedSizeScale":"","allSize":"L","skuId":47411,"skuAvailabilityDetailMap":{},"warehouseIdToItemCountMap":{},"inventoryCount":0,"available":false,"active":true},{"id":39030,"name":"Size","value":"XL","unifiedSize":"XL","unifiedSizeValue":"XL","unifiedSizeScale":"","allSize":"XL","skuId":47412,"skuAvailabilityDetailMap":{},"warehouseIdToItemCountMap":{},"inventoryCount":0,"available":false,"active":true}]}}