{"notification":{},"meta":{"code":200,"requestId":"96d02461-cfab-4bf3-a472-ebc5e5966f0d"},"data":{"id":10018,"price":1895,"discountedPrice":1895,"styleType":"P","productTypeId":293,"articleNumber":"377787-010","visualTag":"","productDisplayName":"Nike Men Black Three Quarter Track Pants","variantName":"AS TEAM WOVEN","myntraRating":0,"catalogAddDate":1461658417,"brandName":"Nike","ageGroup":"Adults-Men","gender":"Men","baseColour":"Black","colour1":"","colour2":"","fashionType":"Fashion","season":"Fall","year":"2012","usage":"Sports","vat":5.5,"displayCategories":"Sports Wear","weight":"0","navigationId":0,"landingPageUrl":"Shorts/Nike/Nike-Men-Black-Three-Quarter-Track-Pants/10018/buy","articleAttributes":{"Body or Garment Size":"To-Fit Denotes Body Measurements in"},"crossLinks":[{"key":"More Shorts by Nike","value":"shorts?f=brand:Nike::gender:men"},{"key":"More Black Shorts","value":"shorts?f=colour:Black::gender:men"},{"key":"More Shorts","value":"shorts?f=gender:men"}],"brandUserProfile":{"uidx":"6d415071.a389.472b.b5b6.c93d864afbeacs6IMuPv9K","bio":"Nike, creating experiences for today’s athlete","name":"NIKE","image":"http://assets.myntassets.com/v1/assets/banners/2015/6/26/1435317851398-23197-3chxv6.jpg","publicProfileId":"nikeindia","tagsMap":"{\"roles\":[],\"labels\":[],\"myntraVerified\":true,\"invited\":true,\"brandUrl\":\"/nike\"}"},"codEnabled":true,"styleImages":{"default":{"imageURL":"http://assets.myntassets.com/v1/images/style/properties/Nike-Men-Black-Three-Quarter-Track-Pants_38fb020e318c77b678317fe9d16695a0_images.jpg","resolutions":{"1080X1440Xmini":"http://assets.myntassets.com/h_1440,q_95,w_1080/v1/images/style/properties/Nike-Men-Black-Three-Quarter-Track-Pants_38fb020e318c77b678317fe9d16695a0_images_mini.jpg","48X64":"http://assets.myntassets.com/h_64,q_95,w_48/v1/images/style/properties/Nike-Men-Black-Three-Quarter-Track-Pants_38fb020e318c77b678317fe9d16695a0_images.jpg","1080X1440":"http://assets.myntassets.com/h_1440,q_95,w_1080/v1/images/style/properties/Nike-Men-Black-Three-Quarter-Track-Pants_38fb020e318c77b678317fe9d16695a0_images.jpg","150X200":"http://assets.myntassets.com/h_200,q_95,w_150/v1/images/style/properties/Nike-Men-Black-Three-Quarter-Track-Pants_38fb020e318c77b678317fe9d16695a0_images.jpg","360X480":"http://assets.myntassets.com/h_480,q_95,w_360/v1/images/style/properties/Nike-Men-Black-Three-Quarter-Track-Pants_38fb020e318c77b678317fe9d16695a0_images.jpg","180X240":"http://assets.myntassets.com/h_240,q_95,w_180/v1/images/style/properties/Nike-Men-Black-Three-Quarter-Track-Pants_38fb020e318c77b678317fe9d16695a0_images.jpg","360X480Xmini":"http://assets.myntassets.com/h_480,q_95,w_360/v1/images/style/properties/Nike-Men-Black-Three-Quarter-Track-Pants_38fb020e318c77b678317fe9d16695a0_images_mini.jpg","180X240Xmini":"http://assets.myntassets.com/h_240,q_95,w_180/v1/images/style/properties/Nike-Men-Black-Three-Quarter-Track-Pants_38fb020e318c77b678317fe9d16695a0_images_mini.jpg","150X200Xmini":"http://assets.myntassets.com/h_200,q_95,w_150/v1/images/style/properties/Nike-Men-Black-Three-Quarter-Track-Pants_38fb020e318c77b678317fe9d16695a0_images_mini.jpg","48X64Xmini":"http://assets.myntassets.com/h_64,q_95,w_48/v1/images/style/properties/Nike-Men-Black-Three-Quarter-Track-Pants_38fb020e318c77b678317fe9d16695a0_images_mini.jpg","125X161":"http://assets.myntassets.com/h_161,q_95,w_125/v1/images/style/properties/Nike-Men-Black-Three-Quarter-Track-Pants_38fb020e318c77b678317fe9d16695a0_images.jpg","125X161Xmini":"http://assets.myntassets.com/h_161,q_95,w_125/v1/images/style/properties/Nike-Men-Black-Three-Quarter-Track-Pants_38fb020e318c77b678317fe9d16695a0_images_mini.jpg"},"imageType":"default"},"size_representation":"http://assets.myntassets.com/assets/images/sizechart/2016/12/12/11481538623678-Shorts_Adults-Men.png","search":{"imageURL":"http://assets.myntassets.com/v1/images/style/properties/Nike-Men-Black-Three-Quarter-Track-Pants_38fb020e318c77b678317fe9d16695a0_images.jpg","resolutions":{"1080X1440Xmini":"http://assets.myntassets.com/h_1440,q_95,w_1080/v1/images/style/properties/Nike-Men-Black-Three-Quarter-Track-Pants_38fb020e318c77b678317fe9d16695a0_images_mini.jpg","48X64":"http://assets.myntassets.com/h_64,q_95,w_48/v1/images/style/properties/Nike-Men-Black-Three-Quarter-Track-Pants_38fb020e318c77b678317fe9d16695a0_images.jpg","1080X1440":"http://assets.myntassets.com/h_1440,q_95,w_1080/v1/images/style/properties/Nike-Men-Black-Three-Quarter-Track-Pants_38fb020e318c77b678317fe9d16695a0_images.jpg","150X200":"http://assets.myntassets.com/h_200,q_95,w_150/v1/images/style/properties/Nike-Men-Black-Three-Quarter-Track-Pants_38fb020e318c77b678317fe9d16695a0_images.jpg","360X480":"http://assets.myntassets.com/h_480,q_95,w_360/v1/images/style/properties/Nike-Men-Black-Three-Quarter-Track-Pants_38fb020e318c77b678317fe9d16695a0_images.jpg","180X240":"http://assets.myntassets.com/h_240,q_95,w_180/v1/images/style/properties/Nike-Men-Black-Three-Quarter-Track-Pants_38fb020e318c77b678317fe9d16695a0_images.jpg","360X480Xmini":"http://assets.myntassets.com/h_480,q_95,w_360/v1/images/style/properties/Nike-Men-Black-Three-Quarter-Track-Pants_38fb020e318c77b678317fe9d16695a0_images_mini.jpg","180X240Xmini":"http://assets.myntassets.com/h_240,q_95,w_180/v1/images/style/properties/Nike-Men-Black-Three-Quarter-Track-Pants_38fb020e318c77b678317fe9d16695a0_images_mini.jpg","150X200Xmini":"http://assets.myntassets.com/h_200,q_95,w_150/v1/images/style/properties/Nike-Men-Black-Three-Quarter-Track-Pants_38fb020e318c77b678317fe9d16695a0_images_mini.jpg","48X64Xmini":"http://assets.myntassets.com/h_64,q_95,w_48/v1/images/style/properties/Nike-Men-Black-Three-Quarter-Track-Pants_38fb020e318c77b678317fe9d16695a0_images_mini.jpg","125X161":"http://assets.myntassets.com/h_161,q_95,w_125/v1/images/style/properties/Nike-Men-Black-Three-Quarter-Track-Pants_38fb020e318c77b678317fe9d16695a0_images.jpg","125X161Xmini":"http://assets.myntassets.com/h_161,q_95,w_125/v1/images/style/properties/Nike-Men-Black-Three-Quarter-Track-Pants_38fb020e318c77b678317fe9d16695a0_images_mini.jpg"},"imageType":"search"},"back":{"imageURL":"http://assets.myntassets.com/v1/images/style/properties/Nike-Men-Black-Three-Quarter-Track-Pants_ac9c9b6f6c29b8e7e837031252b467ea_images.jpg","resolutions":{"1080X1440Xmini":"http://assets.myntassets.com/h_1440,q_95,w_1080/v1/images/style/properties/Nike-Men-Black-Three-Quarter-Track-Pants_ac9c9b6f6c29b8e7e837031252b467ea_images_mini.jpg","48X64":"http://assets.myntassets.com/h_64,q_95,w_48/v1/images/style/properties/Nike-Men-Black-Three-Quarter-Track-Pants_ac9c9b6f6c29b8e7e837031252b467ea_images.jpg","1080X1440":"http://assets.myntassets.com/h_1440,q_95,w_1080/v1/images/style/properties/Nike-Men-Black-Three-Quarter-Track-Pants_ac9c9b6f6c29b8e7e837031252b467ea_images.jpg","150X200":"http://assets.myntassets.com/h_200,q_95,w_150/v1/images/style/properties/Nike-Men-Black-Three-Quarter-Track-Pants_ac9c9b6f6c29b8e7e837031252b467ea_images.jpg","360X480":"http://assets.myntassets.com/h_480,q_95,w_360/v1/images/style/properties/Nike-Men-Black-Three-Quarter-Track-Pants_ac9c9b6f6c29b8e7e837031252b467ea_images.jpg","180X240":"http://assets.myntassets.com/h_240,q_95,w_180/v1/images/style/properties/Nike-Men-Black-Three-Quarter-Track-Pants_ac9c9b6f6c29b8e7e837031252b467ea_images.jpg","360X480Xmini":"http://assets.myntassets.com/h_480,q_95,w_360/v1/images/style/properties/Nike-Men-Black-Three-Quarter-Track-Pants_ac9c9b6f6c29b8e7e837031252b467ea_images_mini.jpg","180X240Xmini":"http://assets.myntassets.com/h_240,q_95,w_180/v1/images/style/properties/Nike-Men-Black-Three-Quarter-Track-Pants_ac9c9b6f6c29b8e7e837031252b467ea_images_mini.jpg","150X200Xmini":"http://assets.myntassets.com/h_200,q_95,w_150/v1/images/style/properties/Nike-Men-Black-Three-Quarter-Track-Pants_ac9c9b6f6c29b8e7e837031252b467ea_images_mini.jpg","48X64Xmini":"http://assets.myntassets.com/h_64,q_95,w_48/v1/images/style/properties/Nike-Men-Black-Three-Quarter-Track-Pants_ac9c9b6f6c29b8e7e837031252b467ea_images_mini.jpg","125X161":"http://assets.myntassets.com/h_161,q_95,w_125/v1/images/style/properties/Nike-Men-Black-Three-Quarter-Track-Pants_ac9c9b6f6c29b8e7e837031252b467ea_images.jpg","125X161Xmini":"http://assets.myntassets.com/h_161,q_95,w_125/v1/images/style/properties/Nike-Men-Black-Three-Quarter-Track-Pants_ac9c9b6f6c29b8e7e837031252b467ea_images_mini.jpg"},"imageType":"back"},"left":{"imageURL":"http://assets.myntassets.com/v1/images/style/properties/Nike-Men-Black-Three-Quarter-Track-Pants_929170052004f631bec9f705689d5bd3_images.jpg","resolutions":{"1080X1440Xmini":"http://assets.myntassets.com/h_1440,q_95,w_1080/v1/images/style/properties/Nike-Men-Black-Three-Quarter-Track-Pants_929170052004f631bec9f705689d5bd3_images_mini.jpg","48X64":"http://assets.myntassets.com/h_64,q_95,w_48/v1/images/style/properties/Nike-Men-Black-Three-Quarter-Track-Pants_929170052004f631bec9f705689d5bd3_images.jpg","1080X1440":"http://assets.myntassets.com/h_1440,q_95,w_1080/v1/images/style/properties/Nike-Men-Black-Three-Quarter-Track-Pants_929170052004f631bec9f705689d5bd3_images.jpg","150X200":"http://assets.myntassets.com/h_200,q_95,w_150/v1/images/style/properties/Nike-Men-Black-Three-Quarter-Track-Pants_929170052004f631bec9f705689d5bd3_images.jpg","360X480":"http://assets.myntassets.com/h_480,q_95,w_360/v1/images/style/properties/Nike-Men-Black-Three-Quarter-Track-Pants_929170052004f631bec9f705689d5bd3_images.jpg","180X240":"http://assets.myntassets.com/h_240,q_95,w_180/v1/images/style/properties/Nike-Men-Black-Three-Quarter-Track-Pants_929170052004f631bec9f705689d5bd3_images.jpg","360X480Xmini":"http://assets.myntassets.com/h_480,q_95,w_360/v1/images/style/properties/Nike-Men-Black-Three-Quarter-Track-Pants_929170052004f631bec9f705689d5bd3_images_mini.jpg","180X240Xmini":"http://assets.myntassets.com/h_240,q_95,w_180/v1/images/style/properties/Nike-Men-Black-Three-Quarter-Track-Pants_929170052004f631bec9f705689d5bd3_images_mini.jpg","150X200Xmini":"http://assets.myntassets.com/h_200,q_95,w_150/v1/images/style/properties/Nike-Men-Black-Three-Quarter-Track-Pants_929170052004f631bec9f705689d5bd3_images_mini.jpg","48X64Xmini":"http://assets.myntassets.com/h_64,q_95,w_48/v1/images/style/properties/Nike-Men-Black-Three-Quarter-Track-Pants_929170052004f631bec9f705689d5bd3_images_mini.jpg","125X161":"http://assets.myntassets.com/h_161,q_95,w_125/v1/images/style/properties/Nike-Men-Black-Three-Quarter-Track-Pants_929170052004f631bec9f705689d5bd3_images.jpg","125X161Xmini":"http://assets.myntassets.com/h_161,q_95,w_125/v1/images/style/properties/Nike-Men-Black-Three-Quarter-Track-Pants_929170052004f631bec9f705689d5bd3_images_mini.jpg"},"imageType":"left"},"front":{"imageURL":"http://assets.myntassets.com/v1/images/style/properties/Nike-Men-Black-Three-Quarter-Track-Pants_88a331b28fd93ee8b71daf2534c48e6a_images.jpg","resolutions":{"1080X1440Xmini":"http://assets.myntassets.com/h_1440,q_95,w_1080/v1/images/style/properties/Nike-Men-Black-Three-Quarter-Track-Pants_88a331b28fd93ee8b71daf2534c48e6a_images_mini.jpg","48X64":"http://assets.myntassets.com/h_64,q_95,w_48/v1/images/style/properties/Nike-Men-Black-Three-Quarter-Track-Pants_88a331b28fd93ee8b71daf2534c48e6a_images.jpg","1080X1440":"http://assets.myntassets.com/h_1440,q_95,w_1080/v1/images/style/properties/Nike-Men-Black-Three-Quarter-Track-Pants_88a331b28fd93ee8b71daf2534c48e6a_images.jpg","150X200":"http://assets.myntassets.com/h_200,q_95,w_150/v1/images/style/properties/Nike-Men-Black-Three-Quarter-Track-Pants_88a331b28fd93ee8b71daf2534c48e6a_images.jpg","360X480":"http://assets.myntassets.com/h_480,q_95,w_360/v1/images/style/properties/Nike-Men-Black-Three-Quarter-Track-Pants_88a331b28fd93ee8b71daf2534c48e6a_images.jpg","180X240":"http://assets.myntassets.com/h_240,q_95,w_180/v1/images/style/properties/Nike-Men-Black-Three-Quarter-Track-Pants_88a331b28fd93ee8b71daf2534c48e6a_images.jpg","360X480Xmini":"http://assets.myntassets.com/h_480,q_95,w_360/v1/images/style/properties/Nike-Men-Black-Three-Quarter-Track-Pants_88a331b28fd93ee8b71daf2534c48e6a_images_mini.jpg","180X240Xmini":"http://assets.myntassets.com/h_240,q_95,w_180/v1/images/style/properties/Nike-Men-Black-Three-Quarter-Track-Pants_88a331b28fd93ee8b71daf2534c48e6a_images_mini.jpg","150X200Xmini":"http://assets.myntassets.com/h_200,q_95,w_150/v1/images/style/properties/Nike-Men-Black-Three-Quarter-Track-Pants_88a331b28fd93ee8b71daf2534c48e6a_images_mini.jpg","48X64Xmini":"http://assets.myntassets.com/h_64,q_95,w_48/v1/images/style/properties/Nike-Men-Black-Three-Quarter-Track-Pants_88a331b28fd93ee8b71daf2534c48e6a_images_mini.jpg","125X161":"http://assets.myntassets.com/h_161,q_95,w_125/v1/images/style/properties/Nike-Men-Black-Three-Quarter-Track-Pants_88a331b28fd93ee8b71daf2534c48e6a_images.jpg","125X161Xmini":"http://assets.myntassets.com/h_161,q_95,w_125/v1/images/style/properties/Nike-Men-Black-Three-Quarter-Track-Pants_88a331b28fd93ee8b71daf2534c48e6a_images_mini.jpg"},"imageType":"front"},"right":{"imageURL":"http://assets.myntassets.com/v1/images/style/properties/Nike-Men-Black-Three-Quarter-Track-Pants_85393a1e0cde30b080223bfb371b5c9a_images.jpg","resolutions":{"1080X1440Xmini":"http://assets.myntassets.com/h_1440,q_95,w_1080/v1/images/style/properties/Nike-Men-Black-Three-Quarter-Track-Pants_85393a1e0cde30b080223bfb371b5c9a_images_mini.jpg","48X64":"http://assets.myntassets.com/h_64,q_95,w_48/v1/images/style/properties/Nike-Men-Black-Three-Quarter-Track-Pants_85393a1e0cde30b080223bfb371b5c9a_images.jpg","1080X1440":"http://assets.myntassets.com/h_1440,q_95,w_1080/v1/images/style/properties/Nike-Men-Black-Three-Quarter-Track-Pants_85393a1e0cde30b080223bfb371b5c9a_images.jpg","150X200":"http://assets.myntassets.com/h_200,q_95,w_150/v1/images/style/properties/Nike-Men-Black-Three-Quarter-Track-Pants_85393a1e0cde30b080223bfb371b5c9a_images.jpg","360X480":"http://assets.myntassets.com/h_480,q_95,w_360/v1/images/style/properties/Nike-Men-Black-Three-Quarter-Track-Pants_85393a1e0cde30b080223bfb371b5c9a_images.jpg","180X240":"http://assets.myntassets.com/h_240,q_95,w_180/v1/images/style/properties/Nike-Men-Black-Three-Quarter-Track-Pants_85393a1e0cde30b080223bfb371b5c9a_images.jpg","360X480Xmini":"http://assets.myntassets.com/h_480,q_95,w_360/v1/images/style/properties/Nike-Men-Black-Three-Quarter-Track-Pants_85393a1e0cde30b080223bfb371b5c9a_images_mini.jpg","180X240Xmini":"http://assets.myntassets.com/h_240,q_95,w_180/v1/images/style/properties/Nike-Men-Black-Three-Quarter-Track-Pants_85393a1e0cde30b080223bfb371b5c9a_images_mini.jpg","150X200Xmini":"http://assets.myntassets.com/h_200,q_95,w_150/v1/images/style/properties/Nike-Men-Black-Three-Quarter-Track-Pants_85393a1e0cde30b080223bfb371b5c9a_images_mini.jpg","48X64Xmini":"http://assets.myntassets.com/h_64,q_95,w_48/v1/images/style/properties/Nike-Men-Black-Three-Quarter-Track-Pants_85393a1e0cde30b080223bfb371b5c9a_images_mini.jpg","125X161":"http://assets.myntassets.com/h_161,q_95,w_125/v1/images/style/properties/Nike-Men-Black-Three-Quarter-Track-Pants_85393a1e0cde30b080223bfb371b5c9a_images.jpg","125X161Xmini":"http://assets.myntassets.com/h_161,q_95,w_125/v1/images/style/properties/Nike-Men-Black-Three-Quarter-Track-Pants_85393a1e0cde30b080223bfb371b5c9a_images_mini.jpg"},"imageType":"right"}},"lookGoodAlbum":{},"style360Images":{},"masterCategory":{"id":9,"typeName":"Apparel","active":true,"socialSharingEnabled":true,"isReturnable":true,"isExchangeable":true,"pickupEnabled":true,"isTryAndBuyEnabled":true},"subCategory":{"id":29,"typeName":"Bottomwear","active":true,"socialSharingEnabled":true,"isReturnable":true,"isExchangeable":true,"pickupEnabled":true,"isTryAndBuyEnabled":true},"articleType":{"id":72,"typeName":"Shorts","active":true,"socialSharingEnabled":true,"isReturnable":true,"isExchangeable":true,"pickupEnabled":true,"isTryAndBuyEnabled":true,"isMyntsEnabled":true,"serviceabilityDisclaimer":{"title":"","desc":""}},"isEMIEnabled":false,"otherFlags":[{"dataType":"BOOLEAN","name":"isFragile","value":"false"},{"dataType":"BOOLEAN","name":"isTryAndBuyEnabled","value":"true"},{"dataType":"BOOLEAN","name":"isHazmat","value":"false"},{"dataType":"BOOLEAN","name":"isJewellery","value":"false"},{"dataType":"BOOLEAN","name":"isReturnable","value":"true"},{"dataType":"BOOLEAN","name":"isExchangeable","value":"true"},{"dataType":"BOOLEAN","name":"active","value":"true"},{"dataType":"BOOLEAN","name":"socialSharingEnabled","value":"true"},{"dataType":"BOOLEAN","name":"pickupEnabled","value":"true"},{"dataType":"BOOLEAN","name":"isLarge","value":"false"},{"dataType":"BOOLEAN","name":"codEnabled","value":"true"}],"articleDisplayAttr":{"id":72,"core":{"order":"0","display":"2","pdtDetail":"1","pdtDeliveryOptions":"2","pdtSimilar":"2","pdtLike":"2"},"social":{"order":"1","display":"2","userLikes":"1","styleNotes":"2","crossSell":"1"},"explore":{"display":"2","crosslink":"1","similar":"1","order":"2"}},"productDescriptors":{"materials_care_desc":{"descriptorType":"materials_care_desc","value":"<p>100% recycled polyester<br /> Machine wash warm</p>"},"size_fit_desc":{"descriptorType":"size_fit_desc","value":"<p>Regular fit<br /> The model (height 6' and waist 32\") is wearing a size M</p>"},"description":{"descriptorType":"description","value":"<p>Black three quarter length pants with Dri-fit technology, has an elasticated waistband with inner drawstring fastening, insert pockets at sides, printed branding at left thigh, darts at knees, and panelled back legs</p>"},"style_note":{"descriptorType":"style_note","value":"<p>In a recycled polyester fabrication with Dri-fit technology to boot  these 3/4 length pants from Nike exercise environmental consciousness and embody supreme functionality. Team with a comfy tee and trainers, for a look that will work whether your sweating it out in the gym or at the park.</p>"}},"styleOptions":[{"id":183984,"name":"Size","value":"XL","unifiedSize":"36","unifiedSizeValue":"36","allSize":"36,XL","skuId":190479,"skuAvailabilityDetailMap":{},"warehouseIdToItemCountMap":{},"inventoryCount":0,"available":false,"active":true},{"id":39066,"name":"Size","value":"S","unifiedSize":"30","unifiedSizeValue":"30","unifiedSizeScale":"","allSize":"30,S","skuId":47313,"skuAvailabilityDetailMap":{},"warehouseIdToItemCountMap":{},"inventoryCount":0,"available":false,"active":true},{"id":39067,"name":"Size","value":"M","unifiedSize":"32","unifiedSizeValue":"32","unifiedSizeScale":"","allSize":"32,M","skuId":47314,"skuAvailabilityDetailMap":{},"warehouseIdToItemCountMap":{},"inventoryCount":0,"available":false,"active":true},{"id":39068,"name":"Size","value":"L","unifiedSize":"34","unifiedSizeValue":"34","unifiedSizeScale":"","allSize":"34,L","skuId":47315,"skuAvailabilityDetailMap":{},"warehouseIdToItemCountMap":{},"inventoryCount":0,"available":false,"active":true},{"id":39069,"name":"Size","value":"XXL","unifiedSize":"38","unifiedSizeValue":"38","unifiedSizeScale":"","allSize":"38,XXL","skuId":47316,"skuAvailabilityDetailMap":{},"warehouseIdToItemCountMap":{},"inventoryCount":0,"available":false,"active":true}]}}