{"notification":{},"meta":{"code":200,"requestId":"19095fd9-5ab8-4797-acaf-c73e792597be"},"data":{"id":10050,"price":1699,"discountedPrice":1699,"styleType":"P","productTypeId":289,"articleNumber":"50670201","visualTag":"","productDisplayName":"Puma Men Usain Bolt Black Tshirts","variantName":"Usain Bolt","myntraRating":0,"catalogAddDate":1472135919,"brandName":"Puma","ageGroup":"Adults-Men","gender":"Men","baseColour":"Black","colour1":"","colour2":"","fashionType":"Fashion","season":"Fall","year":"2011","usage":"Casual","vat":5.5,"displayCategories":"Tshirts,Casual Wear","weight":"0","navigationId":0,"landingPageUrl":"Tshirts/Puma/Puma-Men-Usain-Bolt-Black-Tshirts/10050/buy","articleAttributes":{"Fit":"Regular Fit","Pattern":"Printed","Body or Garment Size":"Garment Measurements in","Sleeve Length":"Short Sleeves","Neck":"Round Neck","Fabric":"Synthetic"},"crossLinks":[{"key":"More Tshirts by Puma","value":"tshirts?f=brand:Puma::gender:men"},{"key":"More Black Tshirts","value":"tshirts?f=colour:Black::gender:men"},{"key":"More Tshirts","value":"tshirts?f=gender:men"}],"brandUserProfile":{"uidx":"12c1ae88.a2e0.4ada.8a85.2259c8f751fdEzea5ihq34","bio":"PUMA is the World's Fastest Sports Brand","name":"PUMA","image":"http://assets.myntassets.com/assets/images/2015/11/17/11447736932686-113016-3ff8sf.jpg","publicProfileId":"PUMA","tagsMap":"{\"roles\":[],\"labels\":[],\"myntraVerified\":true,\"invited\":true,\"brandUrl\":\"/puma\"}"},"codEnabled":true,"styleImages":{"default":{"imageURL":"http://assets.myntassets.com/v1/images/style/properties/74bc9f69684b61729b7950ff07114d49_images.jpg","resolutions":{"1080X1440Xmini":"http://assets.myntassets.com/h_1440,q_95,w_1080/v1/images/style/properties/74bc9f69684b61729b7950ff07114d49_images_mini.jpg","48X64":"http://assets.myntassets.com/h_64,q_95,w_48/v1/images/style/properties/74bc9f69684b61729b7950ff07114d49_images.jpg","1080X1440":"http://assets.myntassets.com/h_1440,q_95,w_1080/v1/images/style/properties/74bc9f69684b61729b7950ff07114d49_images.jpg","150X200":"http://assets.myntassets.com/h_200,q_95,w_150/v1/images/style/properties/74bc9f69684b61729b7950ff07114d49_images.jpg","360X480":"http://assets.myntassets.com/h_480,q_95,w_360/v1/images/style/properties/74bc9f69684b61729b7950ff07114d49_images.jpg","180X240":"http://assets.myntassets.com/h_240,q_95,w_180/v1/images/style/properties/74bc9f69684b61729b7950ff07114d49_images.jpg","360X480Xmini":"http://assets.myntassets.com/h_480,q_95,w_360/v1/images/style/properties/74bc9f69684b61729b7950ff07114d49_images_mini.jpg","180X240Xmini":"http://assets.myntassets.com/h_240,q_95,w_180/v1/images/style/properties/74bc9f69684b61729b7950ff07114d49_images_mini.jpg","150X200Xmini":"http://assets.myntassets.com/h_200,q_95,w_150/v1/images/style/properties/74bc9f69684b61729b7950ff07114d49_images_mini.jpg","48X64Xmini":"http://assets.myntassets.com/h_64,q_95,w_48/v1/images/style/properties/74bc9f69684b61729b7950ff07114d49_images_mini.jpg","125X161":"http://assets.myntassets.com/h_161,q_95,w_125/v1/images/style/properties/74bc9f69684b61729b7950ff07114d49_images.jpg","125X161Xmini":"http://assets.myntassets.com/h_161,q_95,w_125/v1/images/style/properties/74bc9f69684b61729b7950ff07114d49_images_mini.jpg"},"imageType":"default"},"size_representation":"http://assets.myntassets.com/assets/images/sizechart/2016/12/14/11481690842463-Tshirts_men.png","search":{"imageURL":"http://assets.myntassets.com/v1/images/style/properties/74bc9f69684b61729b7950ff07114d49_images.jpg","resolutions":{"1080X1440Xmini":"http://assets.myntassets.com/h_1440,q_95,w_1080/v1/images/style/properties/74bc9f69684b61729b7950ff07114d49_images_mini.jpg","48X64":"http://assets.myntassets.com/h_64,q_95,w_48/v1/images/style/properties/74bc9f69684b61729b7950ff07114d49_images.jpg","1080X1440":"http://assets.myntassets.com/h_1440,q_95,w_1080/v1/images/style/properties/74bc9f69684b61729b7950ff07114d49_images.jpg","150X200":"http://assets.myntassets.com/h_200,q_95,w_150/v1/images/style/properties/74bc9f69684b61729b7950ff07114d49_images.jpg","360X480":"http://assets.myntassets.com/h_480,q_95,w_360/v1/images/style/properties/74bc9f69684b61729b7950ff07114d49_images.jpg","180X240":"http://assets.myntassets.com/h_240,q_95,w_180/v1/images/style/properties/74bc9f69684b61729b7950ff07114d49_images.jpg","360X480Xmini":"http://assets.myntassets.com/h_480,q_95,w_360/v1/images/style/properties/74bc9f69684b61729b7950ff07114d49_images_mini.jpg","180X240Xmini":"http://assets.myntassets.com/h_240,q_95,w_180/v1/images/style/properties/74bc9f69684b61729b7950ff07114d49_images_mini.jpg","150X200Xmini":"http://assets.myntassets.com/h_200,q_95,w_150/v1/images/style/properties/74bc9f69684b61729b7950ff07114d49_images_mini.jpg","48X64Xmini":"http://assets.myntassets.com/h_64,q_95,w_48/v1/images/style/properties/74bc9f69684b61729b7950ff07114d49_images_mini.jpg","125X161":"http://assets.myntassets.com/h_161,q_95,w_125/v1/images/style/properties/74bc9f69684b61729b7950ff07114d49_images.jpg","125X161Xmini":"http://assets.myntassets.com/h_161,q_95,w_125/v1/images/style/properties/74bc9f69684b61729b7950ff07114d49_images_mini.jpg"},"imageType":"search"},"back":{"imageURL":"http://assets.myntassets.com/v1/images/style/properties/425ed458b5dced6beddbdde132df17ee_images.jpg","resolutions":{"1080X1440Xmini":"http://assets.myntassets.com/h_1440,q_95,w_1080/v1/images/style/properties/425ed458b5dced6beddbdde132df17ee_images_mini.jpg","48X64":"http://assets.myntassets.com/h_64,q_95,w_48/v1/images/style/properties/425ed458b5dced6beddbdde132df17ee_images.jpg","1080X1440":"http://assets.myntassets.com/h_1440,q_95,w_1080/v1/images/style/properties/425ed458b5dced6beddbdde132df17ee_images.jpg","150X200":"http://assets.myntassets.com/h_200,q_95,w_150/v1/images/style/properties/425ed458b5dced6beddbdde132df17ee_images.jpg","360X480":"http://assets.myntassets.com/h_480,q_95,w_360/v1/images/style/properties/425ed458b5dced6beddbdde132df17ee_images.jpg","180X240":"http://assets.myntassets.com/h_240,q_95,w_180/v1/images/style/properties/425ed458b5dced6beddbdde132df17ee_images.jpg","360X480Xmini":"http://assets.myntassets.com/h_480,q_95,w_360/v1/images/style/properties/425ed458b5dced6beddbdde132df17ee_images_mini.jpg","180X240Xmini":"http://assets.myntassets.com/h_240,q_95,w_180/v1/images/style/properties/425ed458b5dced6beddbdde132df17ee_images_mini.jpg","150X200Xmini":"http://assets.myntassets.com/h_200,q_95,w_150/v1/images/style/properties/425ed458b5dced6beddbdde132df17ee_images_mini.jpg","48X64Xmini":"http://assets.myntassets.com/h_64,q_95,w_48/v1/images/style/properties/425ed458b5dced6beddbdde132df17ee_images_mini.jpg","125X161":"http://assets.myntassets.com/h_161,q_95,w_125/v1/images/style/properties/425ed458b5dced6beddbdde132df17ee_images.jpg","125X161Xmini":"http://assets.myntassets.com/h_161,q_95,w_125/v1/images/style/properties/425ed458b5dced6beddbdde132df17ee_images_mini.jpg"},"imageType":"back"},"left":{"imageURL":"http://assets.myntassets.com/v1/images/style/properties/29fe3917b50c56deb4c883b1243c5978_images.jpg","resolutions":{"1080X1440Xmini":"http://assets.myntassets.com/h_1440,q_95,w_1080/v1/images/style/properties/29fe3917b50c56deb4c883b1243c5978_images_mini.jpg","48X64":"http://assets.myntassets.com/h_64,q_95,w_48/v1/images/style/properties/29fe3917b50c56deb4c883b1243c5978_images.jpg","1080X1440":"http://assets.myntassets.com/h_1440,q_95,w_1080/v1/images/style/properties/29fe3917b50c56deb4c883b1243c5978_images.jpg","150X200":"http://assets.myntassets.com/h_200,q_95,w_150/v1/images/style/properties/29fe3917b50c56deb4c883b1243c5978_images.jpg","360X480":"http://assets.myntassets.com/h_480,q_95,w_360/v1/images/style/properties/29fe3917b50c56deb4c883b1243c5978_images.jpg","180X240":"http://assets.myntassets.com/h_240,q_95,w_180/v1/images/style/properties/29fe3917b50c56deb4c883b1243c5978_images.jpg","360X480Xmini":"http://assets.myntassets.com/h_480,q_95,w_360/v1/images/style/properties/29fe3917b50c56deb4c883b1243c5978_images_mini.jpg","180X240Xmini":"http://assets.myntassets.com/h_240,q_95,w_180/v1/images/style/properties/29fe3917b50c56deb4c883b1243c5978_images_mini.jpg","150X200Xmini":"http://assets.myntassets.com/h_200,q_95,w_150/v1/images/style/properties/29fe3917b50c56deb4c883b1243c5978_images_mini.jpg","48X64Xmini":"http://assets.myntassets.com/h_64,q_95,w_48/v1/images/style/properties/29fe3917b50c56deb4c883b1243c5978_images_mini.jpg","125X161":"http://assets.myntassets.com/h_161,q_95,w_125/v1/images/style/properties/29fe3917b50c56deb4c883b1243c5978_images.jpg","125X161Xmini":"http://assets.myntassets.com/h_161,q_95,w_125/v1/images/style/properties/29fe3917b50c56deb4c883b1243c5978_images_mini.jpg"},"imageType":"left"},"front":{"imageURL":"http://assets.myntassets.com/v1/images/style/properties/ebda63fca4279ff5f9af266008e95d47_images.jpg","resolutions":{"1080X1440Xmini":"http://assets.myntassets.com/h_1440,q_95,w_1080/v1/images/style/properties/ebda63fca4279ff5f9af266008e95d47_images_mini.jpg","48X64":"http://assets.myntassets.com/h_64,q_95,w_48/v1/images/style/properties/ebda63fca4279ff5f9af266008e95d47_images.jpg","1080X1440":"http://assets.myntassets.com/h_1440,q_95,w_1080/v1/images/style/properties/ebda63fca4279ff5f9af266008e95d47_images.jpg","150X200":"http://assets.myntassets.com/h_200,q_95,w_150/v1/images/style/properties/ebda63fca4279ff5f9af266008e95d47_images.jpg","360X480":"http://assets.myntassets.com/h_480,q_95,w_360/v1/images/style/properties/ebda63fca4279ff5f9af266008e95d47_images.jpg","180X240":"http://assets.myntassets.com/h_240,q_95,w_180/v1/images/style/properties/ebda63fca4279ff5f9af266008e95d47_images.jpg","360X480Xmini":"http://assets.myntassets.com/h_480,q_95,w_360/v1/images/style/properties/ebda63fca4279ff5f9af266008e95d47_images_mini.jpg","180X240Xmini":"http://assets.myntassets.com/h_240,q_95,w_180/v1/images/style/properties/ebda63fca4279ff5f9af266008e95d47_images_mini.jpg","150X200Xmini":"http://assets.myntassets.com/h_200,q_95,w_150/v1/images/style/properties/ebda63fca4279ff5f9af266008e95d47_images_mini.jpg","48X64Xmini":"http://assets.myntassets.com/h_64,q_95,w_48/v1/images/style/properties/ebda63fca4279ff5f9af266008e95d47_images_mini.jpg","125X161":"http://assets.myntassets.com/h_161,q_95,w_125/v1/images/style/properties/ebda63fca4279ff5f9af266008e95d47_images.jpg","125X161Xmini":"http://assets.myntassets.com/h_161,q_95,w_125/v1/images/style/properties/ebda63fca4279ff5f9af266008e95d47_images_mini.jpg"},"imageType":"front"},"right":{"imageURL":"http://assets.myntassets.com/v1/images/style/properties/b97c0ada96a07f32c9f6ce18fd22d72b_images.jpg","resolutions":{"1080X1440Xmini":"http://assets.myntassets.com/h_1440,q_95,w_1080/v1/images/style/properties/b97c0ada96a07f32c9f6ce18fd22d72b_images_mini.jpg","48X64":"http://assets.myntassets.com/h_64,q_95,w_48/v1/images/style/properties/b97c0ada96a07f32c9f6ce18fd22d72b_images.jpg","1080X1440":"http://assets.myntassets.com/h_1440,q_95,w_1080/v1/images/style/properties/b97c0ada96a07f32c9f6ce18fd22d72b_images.jpg","150X200":"http://assets.myntassets.com/h_200,q_95,w_150/v1/images/style/properties/b97c0ada96a07f32c9f6ce18fd22d72b_images.jpg","360X480":"http://assets.myntassets.com/h_480,q_95,w_360/v1/images/style/properties/b97c0ada96a07f32c9f6ce18fd22d72b_images.jpg","180X240":"http://assets.myntassets.com/h_240,q_95,w_180/v1/images/style/properties/b97c0ada96a07f32c9f6ce18fd22d72b_images.jpg","360X480Xmini":"http://assets.myntassets.com/h_480,q_95,w_360/v1/images/style/properties/b97c0ada96a07f32c9f6ce18fd22d72b_images_mini.jpg","180X240Xmini":"http://assets.myntassets.com/h_240,q_95,w_180/v1/images/style/properties/b97c0ada96a07f32c9f6ce18fd22d72b_images_mini.jpg","150X200Xmini":"http://assets.myntassets.com/h_200,q_95,w_150/v1/images/style/properties/b97c0ada96a07f32c9f6ce18fd22d72b_images_mini.jpg","48X64Xmini":"http://assets.myntassets.com/h_64,q_95,w_48/v1/images/style/properties/b97c0ada96a07f32c9f6ce18fd22d72b_images_mini.jpg","125X161":"http://assets.myntassets.com/h_161,q_95,w_125/v1/images/style/properties/b97c0ada96a07f32c9f6ce18fd22d72b_images.jpg","125X161Xmini":"http://assets.myntassets.com/h_161,q_95,w_125/v1/images/style/properties/b97c0ada96a07f32c9f6ce18fd22d72b_images_mini.jpg"},"imageType":"right"}},"lookGoodAlbum":{},"style360Images":{},"masterCategory":{"id":9,"typeName":"Apparel","active":true,"socialSharingEnabled":true,"isReturnable":true,"isExchangeable":true,"pickupEnabled":true,"isTryAndBuyEnabled":true},"subCategory":{"id":31,"typeName":"Topwear","active":true,"socialSharingEnabled":true,"isReturnable":true,"isExchangeable":true,"pickupEnabled":true,"isTryAndBuyEnabled":true},"articleType":{"id":90,"typeName":"Tshirts","active":true,"socialSharingEnabled":true,"isReturnable":true,"isExchangeable":true,"pickupEnabled":true,"isTryAndBuyEnabled":true,"isMyntsEnabled":true,"serviceabilityDisclaimer":{"title":"","desc":""}},"isEMIEnabled":true,"otherFlags":[{"dataType":"BOOLEAN","name":"isFragile","value":"false"},{"dataType":"BOOLEAN","name":"isTryAndBuyEnabled","value":"true"},{"dataType":"BOOLEAN","name":"isHazmat","value":"false"},{"dataType":"BOOLEAN","name":"isJewellery","value":"false"},{"dataType":"BOOLEAN","name":"isReturnable","value":"true"},{"dataType":"BOOLEAN","name":"isExchangeable","value":"true"},{"dataType":"BOOLEAN","name":"active","value":"true"},{"dataType":"BOOLEAN","name":"socialSharingEnabled","value":"true"},{"dataType":"BOOLEAN","name":"pickupEnabled","value":"true"},{"dataType":"BOOLEAN","name":"isLarge","value":"false"},{"dataType":"BOOLEAN","name":"codEnabled","value":"true"}],"articleDisplayAttr":{"id":90,"core":{"order":"0","display":"2","pdtDetail":"1","pdtDeliveryOptions":"2","pdtSimilar":"2","pdtLike":"2"},"social":{"order":"1","display":"2","userLikes":"1","styleNotes":"2","crossSell":"1"},"explore":{"display":"2","crosslink":"1","similar":"1","order":"2"}},"productDescriptors":{"description":{"descriptorType":"description","value":"<p><strong>Composition</strong><br /> Black round neck short sleeved t-shirt made of 57% cotton, 38% polyester and 5% elastane, has a softly ribbed neckline with fabric tape detailing on the inseam, brand logo embossed at the back of the neck, collection logo printed on left sleeve, graphic print on the front with lettering and engineered with USP moisture management technology<br /> <br /> <span style=\"font-style: normal; font-weight: bold;\">Fitting<br /> </span><span style=\"font-style: normal; font-weight: normal;\">Regular<br /> <br /><strong> Wash care</strong><br /> Gentle machine wash with like colours in cool water at 30 degrees<br /> Do not bleach or tumble dry<br /> Cool iron<br /> Do not dry clean<br /> <br /> Pay tribute to Usain Bolt in this black t-shirt from puma. Salute the Jamaican sprinter and Olympic champion as you chill out in this smart tee. The USP Moisture Management Technology will keep sweat at bay, and the elastane will give you a great Fit. Pair it with jeans or <a href='/men-shorts?src=desc' class='seolink'>shorts</a> for a great look. Take a leaf out of his book and sprint to freedom!<br /> <br /><em> Model statistics</em><br /> The model wears size M in t-shirts<br /> Height-6', Shoulders-19\"</span></p>"}},"styleOptions":[{"id":39203,"name":"Size","value":"S","unifiedSize":"S","unifiedSizeValue":"S","unifiedSizeScale":"","allSize":"S","skuId":46186,"skuAvailabilityDetailMap":{},"warehouseIdToItemCountMap":{},"inventoryCount":0,"available":false,"active":true}]}}