{"notification":{},"meta":{"code":200,"requestId":"578fc555-beda-458a-9143-ad02d1a356b1"},"data":{"id":10070,"price":599,"discountedPrice":599,"styleType":"P","productTypeId":289,"articleNumber":"81528605","visualTag":"","productDisplayName":"Puma Women Large logo tee Pink Tshirts","variantName":"Large logo tee","myntraRating":1,"catalogAddDate":1472135919,"brandName":"Puma","ageGroup":"Adults-Women","gender":"Women","baseColour":"Pink","colour1":"NA","colour2":"NA","fashionType":"Fashion","season":"Fall","year":"2011","usage":"Casual","vat":5.5,"displayCategories":"Tshirts,Casual Wear","weight":"0","navigationId":38,"landingPageUrl":"Tshirts/Puma/Puma-Women-Large-logo-tee-Pink-Tshirts/10070/buy","articleAttributes":{"Fit":"Regular Fit","Pattern":"Printed","Body or Garment Size":"Garment Measurements in","Sleeve Length":"Short Sleeves","Neck":"Round Neck","Fabric":"Cotton"},"crossLinks":[{"key":"More Tshirts by Puma","value":"tshirts?f=brand:Puma::gender:women"},{"key":"More Pink Tshirts","value":"tshirts?f=colour:Pink::gender:women"},{"key":"More Tshirts","value":"tshirts?f=gender:women"}],"brandUserProfile":{"uidx":"12c1ae88.a2e0.4ada.8a85.2259c8f751fdEzea5ihq34","bio":"PUMA is the World's Fastest Sports Brand","name":"PUMA","image":"http://assets.myntassets.com/assets/images/2015/11/17/11447736932686-113016-3ff8sf.jpg","publicProfileId":"PUMA","tagsMap":"{\"roles\":[],\"labels\":[],\"myntraVerified\":true,\"invited\":true,\"brandUrl\":\"/puma\"}"},"codEnabled":true,"colours":{"colors":{"9790":{"dre_landing_page_url":"Tshirts/Puma/Puma-Women-Large-Logo-Purple-Tshirts/9790/buy","styleid":9790,"global_attr_colour1":"NA","global_attr_base_colour":"Purple","search_image":"http://assets.myntassets.com/v1/images/style/properties/856fcb864892e7f15bbdf781038afbd4_images.jpg"},"10076":{"dre_landing_page_url":"Tshirts/Puma/Puma-Women-Large-logo-tee-Black-Tshirts/10076/buy","styleid":10076,"global_attr_colour1":"NA","global_attr_base_colour":"Black","search_image":"http://assets.myntassets.com/v1/images/style/properties/b70850d768383499cac7d0327a301656_images.jpg"},"13158":{"dre_landing_page_url":"Tshirts/Puma/Puma-Women-Festival-Fuchsia-Pink-Tshirts/13158/buy","styleid":13158,"global_attr_colour1":"NA","global_attr_base_colour":"Pink","search_image":"http://assets.myntassets.com/v1/images/style/properties/1b7edaa3b40972b39ff377fa90a36bb8_images.jpg"},"13159":{"dre_landing_page_url":"Tshirts/Puma/Puma-Women-Dark-Heather-Fuchsia-Grey-Tshirts/13159/buy","styleid":13159,"global_attr_colour1":"NA","global_attr_base_colour":"Grey","search_image":"http://assets.myntassets.com/v1/images/style/properties/ff89fc2982e579c8ecf4b67b84724073_images.jpg"}}},"styleImages":{"default":{"imageURL":"http://assets.myntassets.com/v1/images/style/properties/cff49d4482569b840645af1766db33fe_images.jpg","resolutions":{"1080X1440Xmini":"http://assets.myntassets.com/h_1440,q_95,w_1080/v1/images/style/properties/cff49d4482569b840645af1766db33fe_images_mini.jpg","48X64":"http://assets.myntassets.com/h_64,q_95,w_48/v1/images/style/properties/cff49d4482569b840645af1766db33fe_images.jpg","1080X1440":"http://assets.myntassets.com/h_1440,q_95,w_1080/v1/images/style/properties/cff49d4482569b840645af1766db33fe_images.jpg","150X200":"http://assets.myntassets.com/h_200,q_95,w_150/v1/images/style/properties/cff49d4482569b840645af1766db33fe_images.jpg","360X480":"http://assets.myntassets.com/h_480,q_95,w_360/v1/images/style/properties/cff49d4482569b840645af1766db33fe_images.jpg","180X240":"http://assets.myntassets.com/h_240,q_95,w_180/v1/images/style/properties/cff49d4482569b840645af1766db33fe_images.jpg","360X480Xmini":"http://assets.myntassets.com/h_480,q_95,w_360/v1/images/style/properties/cff49d4482569b840645af1766db33fe_images_mini.jpg","180X240Xmini":"http://assets.myntassets.com/h_240,q_95,w_180/v1/images/style/properties/cff49d4482569b840645af1766db33fe_images_mini.jpg","150X200Xmini":"http://assets.myntassets.com/h_200,q_95,w_150/v1/images/style/properties/cff49d4482569b840645af1766db33fe_images_mini.jpg","48X64Xmini":"http://assets.myntassets.com/h_64,q_95,w_48/v1/images/style/properties/cff49d4482569b840645af1766db33fe_images_mini.jpg","125X161":"http://assets.myntassets.com/h_161,q_95,w_125/v1/images/style/properties/cff49d4482569b840645af1766db33fe_images.jpg","125X161Xmini":"http://assets.myntassets.com/h_161,q_95,w_125/v1/images/style/properties/cff49d4482569b840645af1766db33fe_images_mini.jpg"},"imageType":"default"},"size_representation":"http://assets.myntassets.com/assets/images/sizechart/2016/12/14/11481690832632-Tshirts_-Women.png","search":{"imageURL":"http://assets.myntassets.com/v1/images/style/properties/cff49d4482569b840645af1766db33fe_images.jpg","resolutions":{"1080X1440Xmini":"http://assets.myntassets.com/h_1440,q_95,w_1080/v1/images/style/properties/cff49d4482569b840645af1766db33fe_images_mini.jpg","48X64":"http://assets.myntassets.com/h_64,q_95,w_48/v1/images/style/properties/cff49d4482569b840645af1766db33fe_images.jpg","1080X1440":"http://assets.myntassets.com/h_1440,q_95,w_1080/v1/images/style/properties/cff49d4482569b840645af1766db33fe_images.jpg","150X200":"http://assets.myntassets.com/h_200,q_95,w_150/v1/images/style/properties/cff49d4482569b840645af1766db33fe_images.jpg","360X480":"http://assets.myntassets.com/h_480,q_95,w_360/v1/images/style/properties/cff49d4482569b840645af1766db33fe_images.jpg","180X240":"http://assets.myntassets.com/h_240,q_95,w_180/v1/images/style/properties/cff49d4482569b840645af1766db33fe_images.jpg","360X480Xmini":"http://assets.myntassets.com/h_480,q_95,w_360/v1/images/style/properties/cff49d4482569b840645af1766db33fe_images_mini.jpg","180X240Xmini":"http://assets.myntassets.com/h_240,q_95,w_180/v1/images/style/properties/cff49d4482569b840645af1766db33fe_images_mini.jpg","150X200Xmini":"http://assets.myntassets.com/h_200,q_95,w_150/v1/images/style/properties/cff49d4482569b840645af1766db33fe_images_mini.jpg","48X64Xmini":"http://assets.myntassets.com/h_64,q_95,w_48/v1/images/style/properties/cff49d4482569b840645af1766db33fe_images_mini.jpg","125X161":"http://assets.myntassets.com/h_161,q_95,w_125/v1/images/style/properties/cff49d4482569b840645af1766db33fe_images.jpg","125X161Xmini":"http://assets.myntassets.com/h_161,q_95,w_125/v1/images/style/properties/cff49d4482569b840645af1766db33fe_images_mini.jpg"},"imageType":"search"},"back":{"imageURL":"http://assets.myntassets.com/v1/images/style/properties/cd6ed9987ed15728169d728cc7d273fe_images.jpg","resolutions":{"1080X1440Xmini":"http://assets.myntassets.com/h_1440,q_95,w_1080/v1/images/style/properties/cd6ed9987ed15728169d728cc7d273fe_images_mini.jpg","48X64":"http://assets.myntassets.com/h_64,q_95,w_48/v1/images/style/properties/cd6ed9987ed15728169d728cc7d273fe_images.jpg","1080X1440":"http://assets.myntassets.com/h_1440,q_95,w_1080/v1/images/style/properties/cd6ed9987ed15728169d728cc7d273fe_images.jpg","150X200":"http://assets.myntassets.com/h_200,q_95,w_150/v1/images/style/properties/cd6ed9987ed15728169d728cc7d273fe_images.jpg","360X480":"http://assets.myntassets.com/h_480,q_95,w_360/v1/images/style/properties/cd6ed9987ed15728169d728cc7d273fe_images.jpg","180X240":"http://assets.myntassets.com/h_240,q_95,w_180/v1/images/style/properties/cd6ed9987ed15728169d728cc7d273fe_images.jpg","360X480Xmini":"http://assets.myntassets.com/h_480,q_95,w_360/v1/images/style/properties/cd6ed9987ed15728169d728cc7d273fe_images_mini.jpg","180X240Xmini":"http://assets.myntassets.com/h_240,q_95,w_180/v1/images/style/properties/cd6ed9987ed15728169d728cc7d273fe_images_mini.jpg","150X200Xmini":"http://assets.myntassets.com/h_200,q_95,w_150/v1/images/style/properties/cd6ed9987ed15728169d728cc7d273fe_images_mini.jpg","48X64Xmini":"http://assets.myntassets.com/h_64,q_95,w_48/v1/images/style/properties/cd6ed9987ed15728169d728cc7d273fe_images_mini.jpg","125X161":"http://assets.myntassets.com/h_161,q_95,w_125/v1/images/style/properties/cd6ed9987ed15728169d728cc7d273fe_images.jpg","125X161Xmini":"http://assets.myntassets.com/h_161,q_95,w_125/v1/images/style/properties/cd6ed9987ed15728169d728cc7d273fe_images_mini.jpg"},"imageType":"back"},"left":{"imageURL":"http://assets.myntassets.com/v1/images/style/properties/41000c28aedcf52fe59b3f9db3d0785e_images.jpg","resolutions":{"1080X1440Xmini":"http://assets.myntassets.com/h_1440,q_95,w_1080/v1/images/style/properties/41000c28aedcf52fe59b3f9db3d0785e_images_mini.jpg","48X64":"http://assets.myntassets.com/h_64,q_95,w_48/v1/images/style/properties/41000c28aedcf52fe59b3f9db3d0785e_images.jpg","1080X1440":"http://assets.myntassets.com/h_1440,q_95,w_1080/v1/images/style/properties/41000c28aedcf52fe59b3f9db3d0785e_images.jpg","150X200":"http://assets.myntassets.com/h_200,q_95,w_150/v1/images/style/properties/41000c28aedcf52fe59b3f9db3d0785e_images.jpg","360X480":"http://assets.myntassets.com/h_480,q_95,w_360/v1/images/style/properties/41000c28aedcf52fe59b3f9db3d0785e_images.jpg","180X240":"http://assets.myntassets.com/h_240,q_95,w_180/v1/images/style/properties/41000c28aedcf52fe59b3f9db3d0785e_images.jpg","360X480Xmini":"http://assets.myntassets.com/h_480,q_95,w_360/v1/images/style/properties/41000c28aedcf52fe59b3f9db3d0785e_images_mini.jpg","180X240Xmini":"http://assets.myntassets.com/h_240,q_95,w_180/v1/images/style/properties/41000c28aedcf52fe59b3f9db3d0785e_images_mini.jpg","150X200Xmini":"http://assets.myntassets.com/h_200,q_95,w_150/v1/images/style/properties/41000c28aedcf52fe59b3f9db3d0785e_images_mini.jpg","48X64Xmini":"http://assets.myntassets.com/h_64,q_95,w_48/v1/images/style/properties/41000c28aedcf52fe59b3f9db3d0785e_images_mini.jpg","125X161":"http://assets.myntassets.com/h_161,q_95,w_125/v1/images/style/properties/41000c28aedcf52fe59b3f9db3d0785e_images.jpg","125X161Xmini":"http://assets.myntassets.com/h_161,q_95,w_125/v1/images/style/properties/41000c28aedcf52fe59b3f9db3d0785e_images_mini.jpg"},"imageType":"left"},"front":{"imageURL":"http://assets.myntassets.com/v1/images/style/properties/ef3af932fcc144461edd5ef25de721b1_images.jpg","resolutions":{"1080X1440Xmini":"http://assets.myntassets.com/h_1440,q_95,w_1080/v1/images/style/properties/ef3af932fcc144461edd5ef25de721b1_images_mini.jpg","48X64":"http://assets.myntassets.com/h_64,q_95,w_48/v1/images/style/properties/ef3af932fcc144461edd5ef25de721b1_images.jpg","1080X1440":"http://assets.myntassets.com/h_1440,q_95,w_1080/v1/images/style/properties/ef3af932fcc144461edd5ef25de721b1_images.jpg","150X200":"http://assets.myntassets.com/h_200,q_95,w_150/v1/images/style/properties/ef3af932fcc144461edd5ef25de721b1_images.jpg","360X480":"http://assets.myntassets.com/h_480,q_95,w_360/v1/images/style/properties/ef3af932fcc144461edd5ef25de721b1_images.jpg","180X240":"http://assets.myntassets.com/h_240,q_95,w_180/v1/images/style/properties/ef3af932fcc144461edd5ef25de721b1_images.jpg","360X480Xmini":"http://assets.myntassets.com/h_480,q_95,w_360/v1/images/style/properties/ef3af932fcc144461edd5ef25de721b1_images_mini.jpg","180X240Xmini":"http://assets.myntassets.com/h_240,q_95,w_180/v1/images/style/properties/ef3af932fcc144461edd5ef25de721b1_images_mini.jpg","150X200Xmini":"http://assets.myntassets.com/h_200,q_95,w_150/v1/images/style/properties/ef3af932fcc144461edd5ef25de721b1_images_mini.jpg","48X64Xmini":"http://assets.myntassets.com/h_64,q_95,w_48/v1/images/style/properties/ef3af932fcc144461edd5ef25de721b1_images_mini.jpg","125X161":"http://assets.myntassets.com/h_161,q_95,w_125/v1/images/style/properties/ef3af932fcc144461edd5ef25de721b1_images.jpg","125X161Xmini":"http://assets.myntassets.com/h_161,q_95,w_125/v1/images/style/properties/ef3af932fcc144461edd5ef25de721b1_images_mini.jpg"},"imageType":"front"},"right":{"imageURL":"http://assets.myntassets.com/v1/images/style/properties/f9552eea26b245493dd80e7ad0b2e1c3_images.jpg","resolutions":{"1080X1440Xmini":"http://assets.myntassets.com/h_1440,q_95,w_1080/v1/images/style/properties/f9552eea26b245493dd80e7ad0b2e1c3_images_mini.jpg","48X64":"http://assets.myntassets.com/h_64,q_95,w_48/v1/images/style/properties/f9552eea26b245493dd80e7ad0b2e1c3_images.jpg","1080X1440":"http://assets.myntassets.com/h_1440,q_95,w_1080/v1/images/style/properties/f9552eea26b245493dd80e7ad0b2e1c3_images.jpg","150X200":"http://assets.myntassets.com/h_200,q_95,w_150/v1/images/style/properties/f9552eea26b245493dd80e7ad0b2e1c3_images.jpg","360X480":"http://assets.myntassets.com/h_480,q_95,w_360/v1/images/style/properties/f9552eea26b245493dd80e7ad0b2e1c3_images.jpg","180X240":"http://assets.myntassets.com/h_240,q_95,w_180/v1/images/style/properties/f9552eea26b245493dd80e7ad0b2e1c3_images.jpg","360X480Xmini":"http://assets.myntassets.com/h_480,q_95,w_360/v1/images/style/properties/f9552eea26b245493dd80e7ad0b2e1c3_images_mini.jpg","180X240Xmini":"http://assets.myntassets.com/h_240,q_95,w_180/v1/images/style/properties/f9552eea26b245493dd80e7ad0b2e1c3_images_mini.jpg","150X200Xmini":"http://assets.myntassets.com/h_200,q_95,w_150/v1/images/style/properties/f9552eea26b245493dd80e7ad0b2e1c3_images_mini.jpg","48X64Xmini":"http://assets.myntassets.com/h_64,q_95,w_48/v1/images/style/properties/f9552eea26b245493dd80e7ad0b2e1c3_images_mini.jpg","125X161":"http://assets.myntassets.com/h_161,q_95,w_125/v1/images/style/properties/f9552eea26b245493dd80e7ad0b2e1c3_images.jpg","125X161Xmini":"http://assets.myntassets.com/h_161,q_95,w_125/v1/images/style/properties/f9552eea26b245493dd80e7ad0b2e1c3_images_mini.jpg"},"imageType":"right"}},"lookGoodAlbum":{},"style360Images":{},"masterCategory":{"id":9,"typeName":"Apparel","active":true,"socialSharingEnabled":true,"isReturnable":true,"isExchangeable":true,"pickupEnabled":true,"isTryAndBuyEnabled":true},"subCategory":{"id":31,"typeName":"Topwear","active":true,"socialSharingEnabled":true,"isReturnable":true,"isExchangeable":true,"pickupEnabled":true,"isTryAndBuyEnabled":true},"articleType":{"id":90,"typeName":"Tshirts","active":true,"socialSharingEnabled":true,"isReturnable":true,"isExchangeable":true,"pickupEnabled":true,"isTryAndBuyEnabled":true,"isMyntsEnabled":true,"serviceabilityDisclaimer":{"title":"","desc":""}},"isEMIEnabled":true,"otherFlags":[{"dataType":"BOOLEAN","name":"isFragile","value":"false"},{"dataType":"BOOLEAN","name":"isTryAndBuyEnabled","value":"true"},{"dataType":"BOOLEAN","name":"isHazmat","value":"false"},{"dataType":"BOOLEAN","name":"isJewellery","value":"false"},{"dataType":"BOOLEAN","name":"isReturnable","value":"true"},{"dataType":"BOOLEAN","name":"isExchangeable","value":"true"},{"dataType":"BOOLEAN","name":"active","value":"true"},{"dataType":"BOOLEAN","name":"socialSharingEnabled","value":"true"},{"dataType":"BOOLEAN","name":"pickupEnabled","value":"true"},{"dataType":"BOOLEAN","name":"isLarge","value":"false"},{"dataType":"BOOLEAN","name":"codEnabled","value":"true"}],"articleDisplayAttr":{"id":90,"core":{"order":"0","display":"2","pdtDetail":"1","pdtDeliveryOptions":"2","pdtSimilar":"2","pdtLike":"2"},"social":{"order":"1","display":"2","userLikes":"1","styleNotes":"2","crossSell":"1"},"explore":{"display":"2","crosslink":"1","similar":"1","order":"2"}},"productDescriptors":{"description":{"descriptorType":"description","value":"<p style=\"text-align: justify;\"><strong>Composition</strong><br />Pink round neck t-shirt made of 100% cotton, with brand name printed across the chest and puma Leaping cat logo below the nape of the neck<br /><br /><strong>Fitting</strong><br />Slim<br /><br /><strong>Wash care</strong><br />Gentle machine wash with like colours in cool water at 30 degrees<br />Do not bleach<br />Do not tumble dry<br />Warm iron<br />Do not dry clean<br /><br />Look sleek and cool in this pink t-shirt from puma. The brand logo graphic on the front gets a dose of glam with the multi-hued lines, while you stay fresh and comfortable in the cotton fabric. Team this with white or denim <a href='/men-shorts?src=desc' class='seolink'>shorts</a> and canvas shoes for a casual look.<br /><br /><em>Model statistics</em><br />The model wears size M in t-shirts<br />Height-5.7\", Chest-33\"</p>"}},"styleOptions":[{"id":39308,"name":"Size","value":"XS","unifiedSize":"XS","unifiedSizeValue":"XS","unifiedSizeScale":"","allSize":"XS","skuId":52965,"skuAvailabilityDetailMap":{},"warehouseIdToItemCountMap":{},"inventoryCount":0,"available":false,"active":true},{"id":39307,"name":"Size","value":"S","unifiedSize":"S","unifiedSizeValue":"S","unifiedSizeScale":"","allSize":"S","skuId":52966,"skuAvailabilityDetailMap":{},"warehouseIdToItemCountMap":{},"inventoryCount":0,"available":false,"active":true},{"id":39306,"name":"Size","value":"M","unifiedSize":"M","unifiedSizeValue":"M","unifiedSizeScale":"","allSize":"M","skuId":52967,"skuAvailabilityDetailMap":{},"warehouseIdToItemCountMap":{},"inventoryCount":0,"available":false,"active":true},{"id":39305,"name":"Size","value":"L","unifiedSize":"L","unifiedSizeValue":"L","unifiedSizeScale":"","allSize":"L","skuId":52968,"skuAvailabilityDetailMap":{},"warehouseIdToItemCountMap":{},"inventoryCount":0,"available":false,"active":true},{"id":39304,"name":"Size","value":"XL","unifiedSize":"XL","unifiedSizeValue":"XL","unifiedSizeScale":"","allSize":"XL","skuId":52969,"skuAvailabilityDetailMap":{},"warehouseIdToItemCountMap":{},"inventoryCount":0,"available":false,"active":true},{"id":39303,"name":"Size","value":"XXL","unifiedSize":"XXL","unifiedSizeValue":"XXL","unifiedSizeScale":"","allSize":"XXL","skuId":52970,"skuAvailabilityDetailMap":{},"warehouseIdToItemCountMap":{},"inventoryCount":0,"available":false,"active":true}]}}